EIC,BNA-ID,Name BNA,Plant & Block name,Year,Generation elec. [MWh_el]
11WD7BERG1S--A-X,BNA0067,Bergkamen A,Bergkamen A,2016,2796586.000
11WD7BERG1S--A-X,BNA0067,Bergkamen A,Bergkamen A,2017,1796371.000
11WD7BERG1S--A-X,BNA0067,Bergkamen A,Bergkamen A,2018,1741338.000
11WD7BERG1S--A-X,BNA0067,Bergkamen A,Bergkamen A,2019,740499.000
11WD7BERG1S--A-X,BNA0067,Bergkamen A,Bergkamen A,2020,374569.000
11WD7BERG1S--A-X,BNA0067,Bergkamen A,Bergkamen A,2021,914717.000
11WD7BERG1S--A-X,BNA0067,Bergkamen A,Bergkamen A,2022,2025901.000
11WD8BOXB1L---N8,BNA0122,Boxberg Block N,Boxberg N,2016,3853243.000
11WD8BOXB1L---N8,BNA0122,Boxberg Block N,Boxberg N,2017,3527767.000
11WD8BOXB1L---N8,BNA0122,Boxberg Block N,Boxberg N,2018,3874468.000
11WD8BOXB1L---N8,BNA0122,Boxberg Block N,Boxberg N,2019,2762964.000
11WD8BOXB1L---N8,BNA0122,Boxberg Block N,Boxberg N,2020,3104985.000
11WD8BOXB1L---N8,BNA0122,Boxberg Block N,Boxberg N,2021,2594696.000
11WD8BOXB1L---N8,BNA0122,Boxberg Block N,Boxberg N,2022,3634225.000
11WD8BOXB1L---P4,BNA0123,Boxberg Block P,Boxberg P,2016,3704029.000
11WD8BOXB1L---P4,BNA0123,Boxberg Block P,Boxberg P,2017,3677257.000
11WD8BOXB1L---P4,BNA0123,Boxberg Block P,Boxberg P,2018,3560197.000
11WD8BOXB1L---P4,BNA0123,Boxberg Block P,Boxberg P,2019,3674633.000
11WD8BOXB1L---P4,BNA0123,Boxberg Block P,Boxberg P,2020,2501534.000
11WD8BOXB1L---P4,BNA0123,Boxberg Block P,Boxberg P,2021,3260569.000
11WD8BOXB1L---P4,BNA0123,Boxberg Block P,Boxberg P,2022,3174565.000
11WD8BOXB1L---Q2,BNA0124,Boxberg Block Q,Boxberg Q,2016,4942260.000
11WD8BOXB1L---Q2,BNA0124,Boxberg Block Q,Boxberg Q,2017,6814103.000
11WD8BOXB1L---Q2,BNA0124,Boxberg Block Q,Boxberg Q,2018,5638488.000
11WD8BOXB1L---Q2,BNA0124,Boxberg Block Q,Boxberg Q,2019,6441879.000
11WD8BOXB1L---Q2,BNA0124,Boxberg Block Q,Boxberg Q,2020,4530842.000
11WD8BOXB1L---Q2,BNA0124,Boxberg Block Q,Boxberg Q,2021,5514886.000
11WD8BOXB1L---Q2,BNA0124,Boxberg Block Q,Boxberg Q,2022,6243320.000
11WD8BOXB1L---R0,BNA1404,Boxberg Block R,Boxberg R,2016,4443033.000
11WD8BOXB1L---R0,BNA1404,Boxberg Block R,Boxberg R,2017,3414023.000
11WD8BOXB1L---R0,BNA1404,Boxberg Block R,Boxberg R,2018,4214045.000
11WD8BOXB1L---R0,BNA1404,Boxberg Block R,Boxberg R,2019,4088166.000
11WD8BOXB1L---R0,BNA1404,Boxberg Block R,Boxberg R,2020,3692609.000
11WD8BOXB1L---R0,BNA1404,Boxberg Block R,Boxberg R,2021,2787492.000
11WD8BOXB1L---R0,BNA1404,Boxberg Block R,Boxberg R,2022,4325589.000
11WD8LIPD1L---R6,BNA0115,Kraftwerk Lippendorf Block R,Lippendorf R,2016,6522296.000
11WD8LIPD1L---R6,BNA0115,Kraftwerk Lippendorf Block R,Lippendorf R,2017,5634518.000
11WD8LIPD1L---R6,BNA0115,Kraftwerk Lippendorf Block R,Lippendorf R,2018,6369766.000
11WD8LIPD1L---R6,BNA0115,Kraftwerk Lippendorf Block R,Lippendorf R,2019,4841568.000
11WD8LIPD1L---R6,BNA0115,Kraftwerk Lippendorf Block R,Lippendorf R,2020,3355373.000
11WD8LIPD1L---R6,BNA0115,Kraftwerk Lippendorf Block R,Lippendorf R,2021,6334075.000
11WD8LIPD1L---R6,BNA0115,Kraftwerk Lippendorf Block R,Lippendorf R,2022,5923867.000
11WD8LIPD1L---S4,BNA0116,Kraftwerk Lippendorf Block S,Lippendorf S,2016,4934454.000
11WD8LIPD1L---S4,BNA0116,Kraftwerk Lippendorf Block S,Lippendorf S,2017,6271119.000
11WD8LIPD1L---S4,BNA0116,Kraftwerk Lippendorf Block S,Lippendorf S,2018,5686633.000
11WD8LIPD1L---S4,BNA0116,Kraftwerk Lippendorf Block S,Lippendorf S,2019,4442909.000
11WD8LIPD1L---S4,BNA0116,Kraftwerk Lippendorf Block S,Lippendorf S,2020,5019731.000
11WD8LIPD1L---S4,BNA0116,Kraftwerk Lippendorf Block S,Lippendorf S,2021,4948298.000
11WD8LIPD1L---S4,BNA0116,Kraftwerk Lippendorf Block S,Lippendorf S,2022,6207170.000
11WD2BURG000145R,BNA0172a,Gasturbinenanlage 12,Burghausen ,2016,0.000
11WD2BURG000145R,BNA0172a,Gasturbinenanlage 12,Burghausen ,2017,0.000
11WD2BURG000145R,BNA0172a,Gasturbinenanlage 12,Burghausen ,2018,0.000
11WD2BURG000145R,BNA0172a,Gasturbinenanlage 12,Burghausen ,2019,0.000
11WD2BURG000145R,BNA0172a,Gasturbinenanlage 12,Burghausen ,2020,0.000
11WD2BURG000145R,BNA0172a,Gasturbinenanlage 12,Burghausen ,2021,0.000
11WD2BURG000145R,BNA0172a,Gasturbinenanlage 12,Burghausen ,2022,0.000
11WD2BUSD0000386,BNA0439,Buschhaus,Buschhaus ,2016,1710289.000
11WD2BUSD0000386,BNA0439,Buschhaus,Buschhaus ,2017,0.000
11WD2BUSD0000386,BNA0439,Buschhaus,Buschhaus ,2018,0.000
11WD2BUSD0000386,BNA0439,Buschhaus,Buschhaus ,2019,0.000
11WD2BUSD0000386,BNA0439,Buschhaus,Buschhaus ,2020,0.000
11WD2BUSD0000386,BNA0439,Buschhaus,Buschhaus ,2021,0.000
11WD2BUSD0000386,BNA0439,Buschhaus,Buschhaus ,2022,0.000
11WD7HERD2G-H6-X,BNA0442,Cuno Heizkraftwerk Herdecke H6,Cuno HKW Herdecke H6,2016,429315.983
11WD7HERD2G-H6-X,BNA0442,Cuno Heizkraftwerk Herdecke H6,Cuno HKW Herdecke H6,2017,490275.000
11WD7HERD2G-H6-X,BNA0442,Cuno Heizkraftwerk Herdecke H6,Cuno HKW Herdecke H6,2018,461604.000
11WD7HERD2G-H6-X,BNA0442,Cuno Heizkraftwerk Herdecke H6,Cuno HKW Herdecke H6,2019,991632.000
11WD7HERD2G-H6-X,BNA0442,Cuno Heizkraftwerk Herdecke H6,Cuno HKW Herdecke H6,2020,1358468.641
11WD7HERD2G-H6-X,BNA0442,Cuno Heizkraftwerk Herdecke H6,Cuno HKW Herdecke H6,2021,1110705.000
11WD7HERD2G-H6-X,BNA0442,Cuno Heizkraftwerk Herdecke H6,Cuno HKW Herdecke H6,2022,877719.000
11W0-0000-0044-W,BNA1949,Datteln 4,Datteln 4,2016,0.000
11W0-0000-0044-W,BNA1949,Datteln 4,Datteln 4,2017,1.000
11W0-0000-0044-W,BNA1949,Datteln 4,Datteln 4,2018,0.000
11W0-0000-0044-W,BNA1949,Datteln 4,Datteln 4,2019,1495.000
11W0-0000-0044-W,BNA1949,Datteln 4,Datteln 4,2020,2275756.000
11W0-0000-0044-W,BNA1949,Datteln 4,Datteln 4,2021,3027713.641
11W0-0000-0044-W,BNA1949,Datteln 4,Datteln 4,2022,2287448.381
11WD7BRAU5G-GUDH,BNA0199,Dormagen,Dormagen GuD,2016,1290593.000
11WD7BRAU5G-GUDH,BNA0199,Dormagen,Dormagen GuD,2017,947435.000
11WD7BRAU5G-GUDH,BNA0199,Dormagen,Dormagen GuD,2018,621111.000
11WD7BRAU5G-GUDH,BNA0199,Dormagen,Dormagen GuD,2019,846733.000
11WD7BRAU5G-GUDH,BNA0199,Dormagen,Dormagen GuD,2020,727081.000
11WD7BRAU5G-GUDH,BNA0199,Dormagen,Dormagen GuD,2021,523880.000
11WD7BRAU5G-GUDH,BNA0199,Dormagen,Dormagen GuD,2022,389290.000
11WD7BEEC5XHAM4I,BNA0396,Hamborn 4,Duisburg-Hamborn 4,2016,369529.934
11WD7BEEC5XHAM4I,BNA0396,Hamborn 4,Duisburg-Hamborn 4,2017,468126.000
11WD7BEEC5XHAM4I,BNA0396,Hamborn 4,Duisburg-Hamborn 4,2018,457332.207
11WD7BEEC5XHAM4I,BNA0396,Hamborn 4,Duisburg-Hamborn 4,2019,425450.000
11WD7BEEC5XHAM4I,BNA0396,Hamborn 4,Duisburg-Hamborn 4,2020,433929.392
11WD7BEEC5XHAM4I,BNA0396,Hamborn 4,Duisburg-Hamborn 4,2021,169801.000
11WD7BEEC5XHAM4I,BNA0396,Hamborn 4,Duisburg-Hamborn 4,2022,509936.000
11WD7BEEC5XHAM5G,BNA0397,Hamborn 5,Duisburg-Hamborn 5,2016,1112312.314
11WD7BEEC5XHAM5G,BNA0397,Hamborn 5,Duisburg-Hamborn 5,2017,1361636.000
11WD7BEEC5XHAM5G,BNA0397,Hamborn 5,Duisburg-Hamborn 5,2018,1332875.155
11WD7BEEC5XHAM5G,BNA0397,Hamborn 5,Duisburg-Hamborn 5,2019,1498911.000
11WD7BEEC5XHAM5G,BNA0397,Hamborn 5,Duisburg-Hamborn 5,2020,1174534.551
11WD7BEEC5XHAM5G,BNA0397,Hamborn 5,Duisburg-Hamborn 5,2021,1180097.000
11WD7BEEC5XHAM5G,BNA0397,Hamborn 5,Duisburg-Hamborn 5,2022,1031344.000
11WD7RHAU5GKW3B5,BNA0214,HKW III  Block B,HKW Wanheim 3B,2016,927267.000
11WD7RHAU5GKW3B5,BNA0214,HKW III  Block B,HKW Wanheim 3B,2017,994624.000
11WD7RHAU5GKW3B5,BNA0214,HKW III  Block B,HKW Wanheim 3B,2018,816711.000
11WD7RHAU5GKW3B5,BNA0214,HKW III  Block B,HKW Wanheim 3B,2019,999802.000
11WD7RHAU5GKW3B5,BNA0214,HKW III  Block B,HKW Wanheim 3B,2020,1144335.000
11WD7RHAU5GKW3B5,BNA0214,HKW III  Block B,HKW Wanheim 3B,2021,833934.000
11WD7RHAU5GKW3B5,BNA0214,HKW III  Block B,HKW Wanheim 3B,2022,543233.000
11WD7BEEC5XRUH4E,BNA0219,Ruhrort 4,Duisburg-Ruhrort 4,2016,810790.826
11WD7BEEC5XRUH4E,BNA0219,Ruhrort 4,Duisburg-Ruhrort 4,2017,1034637.000
11WD7BEEC5XRUH4E,BNA0219,Ruhrort 4,Duisburg-Ruhrort 4,2018,890575.664
11WD7BEEC5XRUH4E,BNA0219,Ruhrort 4,Duisburg-Ruhrort 4,2019,206590.000
11WD7BEEC5XRUH4E,BNA0219,Ruhrort 4,Duisburg-Ruhrort 4,2020,639514.295
11WD7BEEC5XRUH4E,BNA0219,Ruhrort 4,Duisburg-Ruhrort 4,2021,977647.000
11WD7BEEC5XRUH4E,BNA0219,Ruhrort 4,Duisburg-Ruhrort 4,2022,662909.000
11WD7EMSL-G-BLB0,BNA0603+BNA0604,Emsland B,Emsland B,2016,484143.000
11WD7EMSL-G-BLB0,BNA0603+BNA0604,Emsland B,Emsland B,2017,450544.000
11WD7EMSL-G-BLB0,BNA0603+BNA0604,Emsland B,Emsland B,2018,118687.000
11WD7EMSL-G-BLB0,BNA0603+BNA0604,Emsland B,Emsland B,2019,900381.000
11WD7EMSL-G-BLB0,BNA0603+BNA0604,Emsland B,Emsland B,2020,870722.000
11WD7EMSL-G-BLB0,BNA0603+BNA0604,Emsland B,Emsland B,2021,142011.000
11WD7EMSL-G-BLB0,BNA0603+BNA0604,Emsland B,Emsland B,2022,201260.000
11WD7EMSL-G-BLCZ,BNA0602+BNA0605,Emsland C,Emsland C,2016,476088.000
11WD7EMSL-G-BLCZ,BNA0602+BNA0605,Emsland C,Emsland C,2017,450507.000
11WD7EMSL-G-BLCZ,BNA0602+BNA0605,Emsland C,Emsland C,2018,142030.000
11WD7EMSL-G-BLCZ,BNA0602+BNA0605,Emsland C,Emsland C,2019,191395.000
11WD7EMSL-G-BLCZ,BNA0602+BNA0605,Emsland C,Emsland C,2020,770210.000
11WD7EMSL-G-BLCZ,BNA0602+BNA0605,Emsland C,Emsland C,2021,352483.000
11WD7EMSL-G-BLCZ,BNA0602+BNA0605,Emsland C,Emsland C,2022,220445.000
11WD7EMSL1G-GUD9,BNA0606,Emsland D,Emsland D,2016,2838852.000
11WD7EMSL1G-GUD9,BNA0606,Emsland D,Emsland D,2017,3403569.000
11WD7EMSL1G-GUD9,BNA0606,Emsland D,Emsland D,2018,2783986.000
11WD7EMSL1G-GUD9,BNA0606,Emsland D,Emsland D,2019,3824444.000
11WD7EMSL1G-GUD9,BNA0606,Emsland D,Emsland D,2020,3591385.000
11WD7EMSL1G-GUD9,BNA0606,Emsland D,Emsland D,2021,3182074.000
11WD7EMSL1G-GUD9,BNA0606,Emsland D,Emsland D,2022,3216617.000
11WD2WIL10000688,BNA1061,Wilhelmshaven 1,Wilhelmshaven (Uniper) ,2016,2974443.000
11WD2WIL10000688,BNA1061,Wilhelmshaven 1,Wilhelmshaven (Uniper) ,2017,1449279.000
11WD2WIL10000688,BNA1061,Wilhelmshaven 1,Wilhelmshaven (Uniper) ,2018,1760935.000
11WD2WIL10000688,BNA1061,Wilhelmshaven 1,Wilhelmshaven (Uniper) ,2019,467796.000
11WD2WIL10000688,BNA1061,Wilhelmshaven 1,Wilhelmshaven (Uniper) ,2020,544292.000
11WD2WIL10000688,BNA1061,Wilhelmshaven 1,Wilhelmshaven (Uniper) ,2021,625274.538
11WD2WIL10000688,BNA1061,Wilhelmshaven 1,Wilhelmshaven (Uniper) ,2022,0.000
11WD2GE2D000056A,BNA0745,Franken DT2+GT2,Franken I 2+GT,2016,152047.000
11WD2GE2D000056A,BNA0745,Franken DT2+GT2,Franken I 2+GT,2017,269109.000
11WD2GE2D000056A,BNA0745,Franken DT2+GT2,Franken I 2+GT,2018,162833.000
11WD2GE2D000056A,BNA0745,Franken DT2+GT2,Franken I 2+GT,2019,116912.000
11WD2GE2D000056A,BNA0745,Franken DT2+GT2,Franken I 2+GT,2020,122691.000
11WD2GE2D000056A,BNA0745,Franken DT2+GT2,Franken I 2+GT,2021,115151.000
11WD2GE2D000056A,BNA0745,Franken DT2+GT2,Franken I 2+GT,2022,85754.000
11WD2GEB1000055R,BNA0744,Franken DT1,Franken I 1,2016,78616.000
11WD2GEB1000055R,BNA0744,Franken DT1,Franken I 1,2017,165246.000
11WD2GEB1000055R,BNA0744,Franken DT1,Franken I 1,2018,62232.000
11WD2GEB1000055R,BNA0744,Franken DT1,Franken I 1,2019,43465.000
11WD2GEB1000055R,BNA0744,Franken DT1,Franken I 1,2020,64304.000
11WD2GEB1000055R,BNA0744,Franken DT1,Franken I 1,2021,37350.000
11WD2GEB1000055R,BNA0744,Franken DT1,Franken I 1,2022,81655.000
11WD7FRIM2B--P-G,BNA0313,Frimmersdorf P,Frimmersdorf P,2016,1258027.000
11WD7FRIM2B--P-G,BNA0313,Frimmersdorf P,Frimmersdorf P,2017,1328209.000
11WD7FRIM2B--P-G,BNA0313,Frimmersdorf P,Frimmersdorf P,2018,0.000
11WD7FRIM2B--P-G,BNA0313,Frimmersdorf P,Frimmersdorf P,2019,0.000
11WD7FRIM2B--P-G,BNA0313,Frimmersdorf P,Frimmersdorf P,2020,0.000
11WD7FRIM2B--P-G,BNA0313,Frimmersdorf P,Frimmersdorf P,2021,0.000
11WD7FRIM2B--P-G,BNA0313,Frimmersdorf P,Frimmersdorf P,2022,0.000
11WD7FRIM2B--Q-D,BNA0314,Frimmersdorf Q,Frimmersdorf Q,2016,1460889.000
11WD7FRIM2B--Q-D,BNA0314,Frimmersdorf Q,Frimmersdorf Q,2017,1293784.000
11WD7FRIM2B--Q-D,BNA0314,Frimmersdorf Q,Frimmersdorf Q,2018,0.000
11WD7FRIM2B--Q-D,BNA0314,Frimmersdorf Q,Frimmersdorf Q,2019,0.000
11WD7FRIM2B--Q-D,BNA0314,Frimmersdorf Q,Frimmersdorf Q,2020,0.000
11WD7FRIM2B--Q-D,BNA0314,Frimmersdorf Q,Frimmersdorf Q,2021,0.000
11WD7FRIM2B--Q-D,BNA0314,Frimmersdorf Q,Frimmersdorf Q,2022,0.000
11WD2IRG30000606,BNA0993,Irsching 3,Irsching 3,2016,11743.000
11WD2IRG30000606,BNA0993,Irsching 3,Irsching 3,2017,4337.000
11WD2IRG30000606,BNA0993,Irsching 3,Irsching 3,2018,4127.000
11WD2IRG30000606,BNA0993,Irsching 3,Irsching 3,2019,5513.000
11WD2IRG30000606,BNA0993,Irsching 3,Irsching 3,2020,11574.000
11WD2IRG30000606,BNA0993,Irsching 3,Irsching 3,2021,4415.000
11WD2IRG30000606,BNA0993,Irsching 3,Irsching 3,2022,0.000
11WD2IRG4000061X,BNA0995,Irsching 4,Irsching 4,2016,83772.000
11WD2IRG4000061X,BNA0995,Irsching 4,Irsching 4,2017,17793.000
11WD2IRG4000061X,BNA0995,Irsching 4,Irsching 4,2018,6821.000
11WD2IRG4000061X,BNA0995,Irsching 4,Irsching 4,2019,4199.000
11WD2IRG4000061X,BNA0995,Irsching 4,Irsching 4,2020,680735.000
11WD2IRG4000061X,BNA0995,Irsching 4,Irsching 4,2021,1783315.000
11WD2IRG4000061X,BNA0995,Irsching 4,Irsching 4,2022,804592.000
11WD2IRG5000062N,BNA0994,Irsching 5,Irsching 5,2016,109250.000
11WD2IRG5000062N,BNA0994,Irsching 5,Irsching 5,2017,111378.000
11WD2IRG5000062N,BNA0994,Irsching 5,Irsching 5,2018,13142.000
11WD2IRG5000062N,BNA0994,Irsching 5,Irsching 5,2019,27970.000
11WD2IRG5000062N,BNA0994,Irsching 5,Irsching 5,2020,1042509.000
11WD2IRG5000062N,BNA0994,Irsching 5,Irsching 5,2021,2399672.000
11WD2IRG5000062N,BNA0994,Irsching 5,Irsching 5,2022,1693963.000
11WD2KIEL000050P,BNA0526,Gemeinschaftskraftwerk Kiel,Kiel (Gemeinschaftskraftwerk) ,2016,1121756.000
11WD2KIEL000050P,BNA0526,Gemeinschaftskraftwerk Kiel,Kiel (Gemeinschaftskraftwerk) ,2017,1047315.000
11WD2KIEL000050P,BNA0526,Gemeinschaftskraftwerk Kiel,Kiel (Gemeinschaftskraftwerk) ,2018,1159302.000
11WD2KIEL000050P,BNA0526,Gemeinschaftskraftwerk Kiel,Kiel (Gemeinschaftskraftwerk) ,2019,366425.000
11WD2KIEL000050P,BNA0526,Gemeinschaftskraftwerk Kiel,Kiel (Gemeinschaftskraftwerk) ,2020,0.000
11WD2KIEL000050P,BNA0526,Gemeinschaftskraftwerk Kiel,Kiel (Gemeinschaftskraftwerk) ,2021,0.000
11WD2KIEL000050P,BNA0526,Gemeinschaftskraftwerk Kiel,Kiel (Gemeinschaftskraftwerk) ,2022,0.000
11WD7GERS1S-K2-7,BNA1046b,Gersteinwerk K,Gersteinwerk K2,2016,2917596.000
11WD7GERS1S-K2-7,BNA1046b,Gersteinwerk K,Gersteinwerk K2,2017,1877359.000
11WD7GERS1S-K2-7,BNA1046b,Gersteinwerk K,Gersteinwerk K2,2018,1958533.000
11WD7GERS1S-K2-7,BNA1046b,Gersteinwerk K,Gersteinwerk K2,2019,305561.000
11WD7GERS1S-K2-7,BNA1046b,Gersteinwerk K,Gersteinwerk K2,2020,0.000
11WD7GERS1S-K2-7,BNA1046b,Gersteinwerk K,Gersteinwerk K2,2021,0.000
11WD7GERS1S-K2-7,BNA1046b,Gersteinwerk K,Gersteinwerk K2,2022,0.000
11WD7GERS-G-BLF3,BNA1039,Gersteinwerk F GT (F1),Gersteinwerk F,2016,0.000
11WD7GERS-G-BLF3,BNA1039,Gersteinwerk F GT (F1),Gersteinwerk F,2017,0.000
11WD7GERS-G-BLF3,BNA1039,Gersteinwerk F GT (F1),Gersteinwerk F,2018,0.000
11WD7GERS-G-BLF3,BNA1039,Gersteinwerk F GT (F1),Gersteinwerk F,2019,0.000
11WD7GERS-G-BLF3,BNA1039,Gersteinwerk F GT (F1),Gersteinwerk F,2020,0.000
11WD7GERS-G-BLF3,BNA1039,Gersteinwerk F GT (F1),Gersteinwerk F,2021,0.000
11WD7GERS-G-BLF3,BNA1039,Gersteinwerk F GT (F1),Gersteinwerk F,2022,0.000
11WD7GERS-G-BLG1,BNA1040,Gersteinwerk G GT (G1),Gersteinwerk G,2016,0.000
11WD7GERS-G-BLG1,BNA1040,Gersteinwerk G GT (G1),Gersteinwerk G,2017,0.000
11WD7GERS-G-BLG1,BNA1040,Gersteinwerk G GT (G1),Gersteinwerk G,2018,0.000
11WD7GERS-G-BLG1,BNA1040,Gersteinwerk G GT (G1),Gersteinwerk G,2019,0.000
11WD7GERS-G-BLG1,BNA1040,Gersteinwerk G GT (G1),Gersteinwerk G,2020,0.000
11WD7GERS-G-BLG1,BNA1040,Gersteinwerk G GT (G1),Gersteinwerk G,2021,0.000
11WD7GERS-G-BLG1,BNA1040,Gersteinwerk G GT (G1),Gersteinwerk G,2022,0.000
11WD7GERS-G-BLIY,BNA1042+BNA1043,Gersteinwerk I,Gersteinwerk I,2016,0.000
11WD7GERS-G-BLIY,BNA1042+BNA1043,Gersteinwerk I,Gersteinwerk I,2017,0.000
11WD7GERS-G-BLIY,BNA1042+BNA1043,Gersteinwerk I,Gersteinwerk I,2018,0.000
11WD7GERS-G-BLIY,BNA1042+BNA1043,Gersteinwerk I,Gersteinwerk I,2019,0.000
11WD7GERS-G-BLIY,BNA1042+BNA1043,Gersteinwerk I,Gersteinwerk I,2020,0.000
11WD7GERS-G-BLIY,BNA1042+BNA1043,Gersteinwerk I,Gersteinwerk I,2021,0.000
11WD7GERS-G-BLIY,BNA1042+BNA1043,Gersteinwerk I,Gersteinwerk I,2022,0.000
11WD7GERS5S-K1-J,BNA1046b,Gersteinwerk K,Gersteinwerk K1,2016,24541.000
11WD7GERS5S-K1-J,BNA1046b,Gersteinwerk K,Gersteinwerk K1,2017,61398.000
11WD7GERS5S-K1-J,BNA1046b,Gersteinwerk K,Gersteinwerk K1,2018,28121.000
11WD7GERS5S-K1-J,BNA1046b,Gersteinwerk K,Gersteinwerk K1,2019,21623.000
11WD7GERS5S-K1-J,BNA1046b,Gersteinwerk K,Gersteinwerk K1,2020,22281.000
11WD7GERS5S-K1-J,BNA1046b,Gersteinwerk K,Gersteinwerk K1,2021,8439.000
11WD7GERS5S-K1-J,BNA1046b,Gersteinwerk K,Gersteinwerk K1,2022,7827.000
11WD2HANN5C---1X,BNA0420,GKH 1,Stoecken (GKH) 1,2016,816307.000
11WD2HANN5C---1X,BNA0420,GKH 1,Stoecken (GKH) 1,2017,785993.000
11WD2HANN5C---1X,BNA0420,GKH 1,Stoecken (GKH) 1,2018,765424.000
11WD2HANN5C---1X,BNA0420,GKH 1,Stoecken (GKH) 1,2019,543340.000
11WD2HANN5C---1X,BNA0420,GKH 1,Stoecken (GKH) 1,2020,528994.000
11WD2HANN5C---1X,BNA0420,GKH 1,Stoecken (GKH) 1,2021,683303.000
11WD2HANN5C---1X,BNA0420,GKH 1,Stoecken (GKH) 1,2022,804961.000
11WD2HANN5C---2V,BNA0421,GKH 2,Stoecken (GKH) 2,2016,748280.000
11WD2HANN5C---2V,BNA0421,GKH 2,Stoecken (GKH) 2,2017,677123.000
11WD2HANN5C---2V,BNA0421,GKH 2,Stoecken (GKH) 2,2018,752321.000
11WD2HANN5C---2V,BNA0421,GKH 2,Stoecken (GKH) 2,2019,513064.000
11WD2HANN5C---2V,BNA0421,GKH 2,Stoecken (GKH) 2,2020,362264.000
11WD2HANN5C---2V,BNA0421,GKH 2,Stoecken (GKH) 2,2021,494762.000
11WD2HANN5C---2V,BNA0421,GKH 2,Stoecken (GKH) 2,2022,745816.000
11WD4AL1U1C1---T,BNA0020,Heizkraftwerk  Altbach/Deizisau HKW 1,HKW Altbach-Deizisau 1,2016,385245.000
11WD4AL1U1C1---T,BNA0020,Heizkraftwerk  Altbach/Deizisau HKW 1,HKW Altbach-Deizisau 1,2017,0.000
11WD4AL1U1C1---T,BNA0020,Heizkraftwerk  Altbach/Deizisau HKW 1,HKW Altbach-Deizisau 1,2018,0.000
11WD4AL1U1C1---T,BNA0020,Heizkraftwerk  Altbach/Deizisau HKW 1,HKW Altbach-Deizisau 1,2019,0.000
11WD4AL1U1C1---T,BNA0020,Heizkraftwerk  Altbach/Deizisau HKW 1,HKW Altbach-Deizisau 1,2020,0.000
11WD4AL1U1C1---T,BNA0020,Heizkraftwerk  Altbach/Deizisau HKW 1,HKW Altbach-Deizisau 1,2021,0.000
11WD4AL1U1C1---T,BNA0020,Heizkraftwerk  Altbach/Deizisau HKW 1,HKW Altbach-Deizisau 1,2022,0.000
11WD4AL1U1C2---O,BNA0019,Heizkraftwerk Altbach/Deizisau HKW 2 DT (Solobetrieb),HKW Altbach-Deizisau 2,2016,0.000
11WD4AL1U1C2---O,BNA0019,Heizkraftwerk Altbach/Deizisau HKW 2 DT (Solobetrieb),HKW Altbach-Deizisau 2,2017,0.000
11WD4AL1U1C2---O,BNA0019,Heizkraftwerk Altbach/Deizisau HKW 2 DT (Solobetrieb),HKW Altbach-Deizisau 2,2018,0.000
11WD4AL1U1C2---O,BNA0019,Heizkraftwerk Altbach/Deizisau HKW 2 DT (Solobetrieb),HKW Altbach-Deizisau 2,2019,0.000
11WD4AL1U1C2---O,BNA0019,Heizkraftwerk Altbach/Deizisau HKW 2 DT (Solobetrieb),HKW Altbach-Deizisau 2,2020,0.000
11WD4AL1U1C2---O,BNA0019,Heizkraftwerk Altbach/Deizisau HKW 2 DT (Solobetrieb),HKW Altbach-Deizisau 2,2021,0.000
11WD4AL1U1C2---O,BNA0019,Heizkraftwerk Altbach/Deizisau HKW 2 DT (Solobetrieb),HKW Altbach-Deizisau 2,2022,0.000
11WD8DRES5X----D,BNA0207,DT+GT1+GT2+GT3,HKW Dresden Nossener Bruecke ,2016,1478782.000
11WD8DRES5X----D,BNA0207,DT+GT1+GT2+GT3,HKW Dresden Nossener Bruecke ,2017,1439831.000
11WD8DRES5X----D,BNA0207,DT+GT1+GT2+GT3,HKW Dresden Nossener Bruecke ,2018,1370216.000
11WD8DRES5X----D,BNA0207,DT+GT1+GT2+GT3,HKW Dresden Nossener Bruecke ,2019,1410930.000
11WD8DRES5X----D,BNA0207,DT+GT1+GT2+GT3,HKW Dresden Nossener Bruecke ,2020,1394206.000
11WD8DRES5X----D,BNA0207,DT+GT1+GT2+GT3,HKW Dresden Nossener Bruecke ,2021,1463553.000
11WD8DRES5X----D,BNA0207,DT+GT1+GT2+GT3,HKW Dresden Nossener Bruecke ,2022,1124560.000
11WD4HLBR1C7---4,BNA0434,Heizkraftwerk Heilbronn HLB 7,HKW Heilbronn 7,2016,2389285.000
11WD4HLBR1C7---4,BNA0434,Heizkraftwerk Heilbronn HLB 7,HKW Heilbronn 7,2017,2386609.000
11WD4HLBR1C7---4,BNA0434,Heizkraftwerk Heilbronn HLB 7,HKW Heilbronn 7,2018,2860319.000
11WD4HLBR1C7---4,BNA0434,Heizkraftwerk Heilbronn HLB 7,HKW Heilbronn 7,2019,1263654.000
11WD4HLBR1C7---4,BNA0434,Heizkraftwerk Heilbronn HLB 7,HKW Heilbronn 7,2020,500508.000
11WD4HLBR1C7---4,BNA0434,Heizkraftwerk Heilbronn HLB 7,HKW Heilbronn 7,2021,2174780.000
11WD4HLBR1C7---4,BNA0434,Heizkraftwerk Heilbronn HLB 7,HKW Heilbronn 7,2022,1790164.000
11WD7NORF5GAGUDC,BNA0220,SWD KWL AGuD,Lausward AGuD,2016,157817.000
11WD7NORF5GAGUDC,BNA0220,SWD KWL AGuD,Lausward AGuD,2017,195702.000
11WD7NORF5GAGUDC,BNA0220,SWD KWL AGuD,Lausward AGuD,2018,78173.000
11WD7NORF5GAGUDC,BNA0220,SWD KWL AGuD,Lausward AGuD,2019,272048.000
11WD7NORF5GAGUDC,BNA0220,SWD KWL AGuD,Lausward AGuD,2020,220274.000
11WD7NORF5GAGUDC,BNA0220,SWD KWL AGuD,Lausward AGuD,2021,106274.000
11WD7NORF5GAGUDC,BNA0220,SWD KWL AGuD,Lausward AGuD,2022,47175.000
11WD7NORF5GGUDFA,BNA1817,SWD KWL GuD F,Lausward F,2016,2548381.000
11WD7NORF5GGUDFA,BNA1817,SWD KWL GuD F,Lausward F,2017,2679905.000
11WD7NORF5GGUDFA,BNA1817,SWD KWL GuD F,Lausward F,2018,2987568.000
11WD7NORF5GGUDFA,BNA1817,SWD KWL GuD F,Lausward F,2019,2905959.000
11WD7NORF5GGUDFA,BNA1817,SWD KWL GuD F,Lausward F,2020,3635891.000
11WD7NORF5GGUDFA,BNA1817,SWD KWL GuD F,Lausward F,2021,2820400.000
11WD7NORF5GGUDFA,BNA1817,SWD KWL GuD F,Lausward F,2022,2335000.000
11WD7NORF5G-HTER,BNA0221,SWD KWL GTE,Lausward E,2016,2198.000
11WD7NORF5G-HTER,BNA0221,SWD KWL GTE,Lausward E,2017,0.000
11WD7NORF5G-HTER,BNA0221,SWD KWL GTE,Lausward E,2018,0.000
11WD7NORF5G-HTER,BNA0221,SWD KWL GTE,Lausward E,2019,0.000
11WD7NORF5G-HTER,BNA0221,SWD KWL GTE,Lausward E,2020,0.000
11WD7NORF5G-HTER,BNA0221,SWD KWL GTE,Lausward E,2021,0.000
11WD7NORF5G-HTER,BNA0221,SWD KWL GTE,Lausward E,2022,0.000
11WD8LEIP5X----6,BNA0588,Heizkraftwerk Leipzig Nord GT,HKW Leipzig-Nord ,2016,574864.000
11WD8LEIP5X----6,BNA0588,Heizkraftwerk Leipzig Nord GT,HKW Leipzig-Nord ,2017,441037.000
11WD8LEIP5X----6,BNA0588,Heizkraftwerk Leipzig Nord GT,HKW Leipzig-Nord ,2018,337448.000
11WD8LEIP5X----6,BNA0588,Heizkraftwerk Leipzig Nord GT,HKW Leipzig-Nord ,2019,421543.000
11WD8LEIP5X----6,BNA0588,Heizkraftwerk Leipzig Nord GT,HKW Leipzig-Nord ,2020,516162.000
11WD8LEIP5X----6,BNA0588,Heizkraftwerk Leipzig Nord GT,HKW Leipzig-Nord ,2021,232103.078
11WD8LEIP5X----6,BNA0588,Heizkraftwerk Leipzig Nord GT,HKW Leipzig-Nord ,2022,0.000
11WD2S1G2000097U,BNA0683c,SWM HKW Sued GuD1 GT2,Sued GT2,2016,
11WD2S1G2000097U,BNA0683c,SWM HKW Sued GuD1 GT2,Sued GT2,2017,
11WD2S1G2000097U,BNA0683c,SWM HKW Sued GuD1 GT2,Sued GT2,2018,
11WD2S1G2000097U,BNA0683c,SWM HKW Sued GuD1 GT2,Sued GT2,2019,
11WD2S1G2000097U,BNA0683c,SWM HKW Sued GuD1 GT2,Sued GT2,2020,
11WD2S1G2000097U,BNA0683c,SWM HKW Sued GuD1 GT2,Sued GT2,2021,
11WD2S1G2000097U,BNA0683c,SWM HKW Sued GuD1 GT2,Sued GT2,2022,
11WD2S1G3000098K,BNA0683b,SWM HKW Sued GuD1 GT3,Sued GT3,2016,
11WD2S1G3000098K,BNA0683b,SWM HKW Sued GuD1 GT3,Sued GT3,2017,
11WD2S1G3000098K,BNA0683b,SWM HKW Sued GuD1 GT3,Sued GT3,2018,
11WD2S1G3000098K,BNA0683b,SWM HKW Sued GuD1 GT3,Sued GT3,2019,
11WD2S1G3000098K,BNA0683b,SWM HKW Sued GuD1 GT3,Sued GT3,2020,
11WD2S1G3000098K,BNA0683b,SWM HKW Sued GuD1 GT3,Sued GT3,2021,
11WD2S1G3000098K,BNA0683b,SWM HKW Sued GuD1 GT3,Sued GT3,2022,
11WD2S260000100F,BNA0684c,SWM HKW Sued GuD2 DT60,Sued DT60,2016,352503.000
11WD2S260000100F,BNA0684c,SWM HKW Sued GuD2 DT60,Sued DT60,2017,507546.000
11WD2S260000100F,BNA0684c,SWM HKW Sued GuD2 DT60,Sued DT60,2018,441250.000
11WD2S260000100F,BNA0684c,SWM HKW Sued GuD2 DT60,Sued DT60,2019,452200.000
11WD2S260000100F,BNA0684c,SWM HKW Sued GuD2 DT60,Sued DT60,2020,394484.000
11WD2S260000100F,BNA0684c,SWM HKW Sued GuD2 DT60,Sued DT60,2021,194713.000
11WD2S260000100F,BNA0684c,SWM HKW Sued GuD2 DT60,Sued DT60,2022,219296.000
11WD2S2610001015,BNA0684a,SWM HKW Sued GuD2 GT61,Sued GT61,2016,490243.000
11WD2S2610001015,BNA0684a,SWM HKW Sued GuD2 GT61,Sued GT61,2017,585376.000
11WD2S2610001015,BNA0684a,SWM HKW Sued GuD2 GT61,Sued GT61,2018,651819.000
11WD2S2610001015,BNA0684a,SWM HKW Sued GuD2 GT61,Sued GT61,2019,556561.000
11WD2S2610001015,BNA0684a,SWM HKW Sued GuD2 GT61,Sued GT61,2020,529383.000
11WD2S2610001015,BNA0684a,SWM HKW Sued GuD2 GT61,Sued GT61,2021,228047.000
11WD2S2610001015,BNA0684a,SWM HKW Sued GuD2 GT61,Sued GT61,2022,454791.000
11WD2S262000102W,BNA0684b,SWM HKW Sued GuD2 GT62,Sued GT62,2016,482246.000
11WD2S262000102W,BNA0684b,SWM HKW Sued GuD2 GT62,Sued GT62,2017,617916.000
11WD2S262000102W,BNA0684b,SWM HKW Sued GuD2 GT62,Sued GT62,2018,434623.000
11WD2S262000102W,BNA0684b,SWM HKW Sued GuD2 GT62,Sued GT62,2019,529758.000
11WD2S262000102W,BNA0684b,SWM HKW Sued GuD2 GT62,Sued GT62,2020,474314.000
11WD2S262000102W,BNA0684b,SWM HKW Sued GuD2 GT62,Sued GT62,2021,238008.000
11WD2S262000102W,BNA0684b,SWM HKW Sued GuD2 GT62,Sued GT62,2022,354104.000
11WD7FUEH5GMERKA,BNA0546,GuD Merkenich RheinEnergie,HKW Merkenich GuD,2016,183529.339
11WD7FUEH5GMERKA,BNA0546,GuD Merkenich RheinEnergie,HKW Merkenich GuD,2017,205947.000
11WD7FUEH5GMERKA,BNA0546,GuD Merkenich RheinEnergie,HKW Merkenich GuD,2018,117470.000
11WD7FUEH5GMERKA,BNA0546,GuD Merkenich RheinEnergie,HKW Merkenich GuD,2019,597.000
11WD7FUEH5GMERKA,BNA0546,GuD Merkenich RheinEnergie,HKW Merkenich GuD,2020,22135.000
11WD7FUEH5GMERKA,BNA0546,GuD Merkenich RheinEnergie,HKW Merkenich GuD,2021,42957.000
11WD7FUEH5GMERKA,BNA0546,GuD Merkenich RheinEnergie,HKW Merkenich GuD,2022,0.000
11WD7BOLA5GDTN2T,BNA0545,DT Niehl 2 RheinEnergie,Niehl 2DT,2016,517613.231
11WD7BOLA5GDTN2T,BNA0545,DT Niehl 2 RheinEnergie,Niehl 2DT,2017,493618.500
11WD7BOLA5GDTN2T,BNA0545,DT Niehl 2 RheinEnergie,Niehl 2DT,2018,325201.500
11WD7BOLA5GDTN2T,BNA0545,DT Niehl 2 RheinEnergie,Niehl 2DT,2019,645406.000
11WD7BOLA5GDTN2T,BNA0545,DT Niehl 2 RheinEnergie,Niehl 2DT,2020,409243.500
11WD7BOLA5GDTN2T,BNA0545,DT Niehl 2 RheinEnergie,Niehl 2DT,2021,391542.000
11WD7BOLA5GDTN2T,BNA0545,DT Niehl 2 RheinEnergie,Niehl 2DT,2022,240894.585
11WD7BOLA5GGTN2E,BNA0545,GT Niehl 2 RheinEnergie,Niehl 2GT,2016,517613.231
11WD7BOLA5GGTN2E,BNA0545,GT Niehl 2 RheinEnergie,Niehl 2GT,2017,493618.500
11WD7BOLA5GGTN2E,BNA0545,GT Niehl 2 RheinEnergie,Niehl 2GT,2018,325201.500
11WD7BOLA5GGTN2E,BNA0545,GT Niehl 2 RheinEnergie,Niehl 2GT,2019,645406.000
11WD7BOLA5GGTN2E,BNA0545,GT Niehl 2 RheinEnergie,Niehl 2GT,2020,409243.500
11WD7BOLA5GGTN2E,BNA0545,GT Niehl 2 RheinEnergie,Niehl 2GT,2021,391542.000
11WD7BOLA5GGTN2E,BNA0545,GT Niehl 2 RheinEnergie,Niehl 2GT,2022,240894.585
11WD7OPLA1G--318,BNA1818,GuD Niehl 3 RheinEnergie,Niehl 3,2016,1478089.488
11WD7OPLA1G--318,BNA1818,GuD Niehl 3 RheinEnergie,Niehl 3,2017,2236500.000
11WD7OPLA1G--318,BNA1818,GuD Niehl 3 RheinEnergie,Niehl 3,2018,2041194.000
11WD7OPLA1G--318,BNA1818,GuD Niehl 3 RheinEnergie,Niehl 3,2019,2380694.000
11WD7OPLA1G--318,BNA1818,GuD Niehl 3 RheinEnergie,Niehl 3,2020,1822298.000
11WD7OPLA1G--318,BNA1818,GuD Niehl 3 RheinEnergie,Niehl 3,2021,2080273.000
11WD7OPLA1G--318,BNA1818,GuD Niehl 3 RheinEnergie,Niehl 3,2022,1666465.445
11WD7UCHT5XROEMT,BNA0861,HKW-Römerbrücke,HKW Roemerbrueke GuD,2016,0.000
11WD7UCHT5XROEMT,BNA0861,HKW-Römerbrücke,HKW Roemerbrueke GuD,2017,0.000
11WD7UCHT5XROEMT,BNA0861,HKW-Römerbrücke,HKW Roemerbrueke GuD,2018,0.000
11WD7UCHT5XROEMT,BNA0861,HKW-Römerbrücke,HKW Roemerbrueke GuD,2019,0.000
11WD7UCHT5XROEMT,BNA0861,HKW-Römerbrücke,HKW Roemerbrueke GuD,2020,0.000
11WD7UCHT5XROEMT,BNA0861,HKW-Römerbrücke,HKW Roemerbrueke GuD,2021,0.000
11WD7UCHT5XROEMT,BNA0861,HKW-Römerbrücke,HKW Roemerbrueke GuD,2022,0.000
11WD2WBW1000039N,BNA1076a,HKW West Block 1,HKW West 1,2016,832958.000
11WD2WBW1000039N,BNA1076a,HKW West Block 1,HKW West 1,2017,777405.000
11WD2WBW1000039N,BNA1076a,HKW West Block 1,HKW West 1,2018,810736.000
11WD2WBW1000039N,BNA1076a,HKW West Block 1,HKW West 1,2019,739593.000
11WD2WBW1000039N,BNA1076a,HKW West Block 1,HKW West 1,2020,693514.000
11WD2WBW1000039N,BNA1076a,HKW West Block 1,HKW West 1,2021,675754.000
11WD2WBW1000039N,BNA1076a,HKW West Block 1,HKW West 1,2022,560444.000
11WD2WBW2000040U,BNA1076b,HKW West Block 2,HKW West 2,2016,855251.000
11WD2WBW2000040U,BNA1076b,HKW West Block 2,HKW West 2,2017,848050.000
11WD2WBW2000040U,BNA1076b,HKW West Block 2,HKW West 2,2018,777612.000
11WD2WBW2000040U,BNA1076b,HKW West Block 2,HKW West 2,2019,789526.000
11WD2WBW2000040U,BNA1076b,HKW West Block 2,HKW West 2,2020,711180.000
11WD2WBW2000040U,BNA1076b,HKW West Block 2,HKW West 2,2021,684034.000
11WD2WBW2000040U,BNA1076b,HKW West Block 2,HKW West 2,2022,525739.000
11WD2HEY40000638,BNA0793,Heyden 4,Heyden ,2016,3369017.000
11WD2HEY40000638,BNA0793,Heyden 4,Heyden ,2017,2221875.000
11WD2HEY40000638,BNA0793,Heyden 4,Heyden ,2018,1914212.000
11WD2HEY40000638,BNA0793,Heyden 4,Heyden ,2019,667080.000
11WD2HEY40000638,BNA0793,Heyden 4,Heyden ,2020,948088.000
11WD2HEY40000638,BNA0793,Heyden 4,Heyden ,2021,110031.000
11WD2HEY40000638,BNA0793,Heyden 4,Heyden ,2022,692524.000
11WD7HUCK2G--A-C,BNA0485,Huckingen A,Huckingen A,2016,828692.000
11WD7HUCK2G--A-C,BNA0485,Huckingen A,Huckingen A,2017,1102018.000
11WD7HUCK2G--A-C,BNA0485,Huckingen A,Huckingen A,2018,1184183.000
11WD7HUCK2G--A-C,BNA0485,Huckingen A,Huckingen A,2019,0.000
11WD7HUCK2G--A-C,BNA0485,Huckingen A,Huckingen A,2020,411830.000
11WD7HUCK2G--A-C,BNA0485,Huckingen A,Huckingen A,2021,1263889.000
11WD7HUCK2G--A-C,BNA0485,Huckingen A,Huckingen A,2022,883603.000
11WD7HUCK2G--B-9,BNA0486,Huckingen B,Huckingen B,2016,960688.000
11WD7HUCK2G--B-9,BNA0486,Huckingen B,Huckingen B,2017,1219451.000
11WD7HUCK2G--B-9,BNA0486,Huckingen B,Huckingen B,2018,788116.000
11WD7HUCK2G--B-9,BNA0486,Huckingen B,Huckingen B,2019,0.000
11WD7HUCK2G--B-9,BNA0486,Huckingen B,Huckingen B,2020,151226.000
11WD7HUCK2G--B-9,BNA0486,Huckingen B,Huckingen B,2021,689435.000
11WD7HUCK2G--B-9,BNA0486,Huckingen B,Huckingen B,2022,637549.000
11WD2HUNT0000644,BNA0239,Huntorf GT,Huntorf (CAES) ,2016,8014.000
11WD2HUNT0000644,BNA0239,Huntorf GT,Huntorf (CAES) ,2017,11829.000
11WD2HUNT0000644,BNA0239,Huntorf GT,Huntorf (CAES) ,2018,25579.000
11WD2HUNT0000644,BNA0239,Huntorf GT,Huntorf (CAES) ,2019,18784.000
11WD2HUNT0000644,BNA0239,Huntorf GT,Huntorf (CAES) ,2020,1221.000
11WD2HUNT0000644,BNA0239,Huntorf GT,Huntorf (CAES) ,2021,1746.000
11WD2HUNT0000644,BNA0239,Huntorf GT,Huntorf (CAES) ,2022,1297.000
11WD7IBBE2S--B-P,BNA0493,Ibbenbüren B,Ibbenbueren B,2016,3642853.000
11WD7IBBE2S--B-P,BNA0493,Ibbenbüren B,Ibbenbueren B,2017,2644034.000
11WD7IBBE2S--B-P,BNA0493,Ibbenbüren B,Ibbenbueren B,2018,3198873.000
11WD7IBBE2S--B-P,BNA0493,Ibbenbüren B,Ibbenbueren B,2019,776861.000
11WD7IBBE2S--B-P,BNA0493,Ibbenbüren B,Ibbenbueren B,2020,908058.000
11WD7IBBE2S--B-P,BNA0493,Ibbenbüren B,Ibbenbueren B,2021,56401.000
11WD7IBBE2S--B-P,BNA0493,Ibbenbüren B,Ibbenbueren B,2022,0.000
11WD8SCHW5X---19,BNA0894c,1MKA,IKS PCK Schwedt 1,2016,795907.000
11WD8SCHW5X---19,BNA0894c,1MKA,IKS PCK Schwedt 1,2017,771433.000
11WD8SCHW5X---19,BNA0894c,1MKA,IKS PCK Schwedt 1,2018,648906.000
11WD8SCHW5X---19,BNA0894c,1MKA,IKS PCK Schwedt 1,2019,789508.000
11WD8SCHW5X---19,BNA0894c,1MKA,IKS PCK Schwedt 1,2020,683522.000
11WD8SCHW5X---19,BNA0894c,1MKA,IKS PCK Schwedt 1,2021,640075.000
11WD8SCHW5X---19,BNA0894c,1MKA,IKS PCK Schwedt 1,2022,593824.000
11WD8SCHW5X---27,BNA0894d,2MKA,IKS PCK Schwedt 2,2016,732188.000
11WD8SCHW5X---27,BNA0894d,2MKA,IKS PCK Schwedt 2,2017,804551.000
11WD8SCHW5X---27,BNA0894d,2MKA,IKS PCK Schwedt 2,2018,812070.000
11WD8SCHW5X---27,BNA0894d,2MKA,IKS PCK Schwedt 2,2019,562723.000
11WD8SCHW5X---27,BNA0894d,2MKA,IKS PCK Schwedt 2,2020,708159.000
11WD8SCHW5X---27,BNA0894d,2MKA,IKS PCK Schwedt 2,2021,632138.000
11WD8SCHW5X---27,BNA0894d,2MKA,IKS PCK Schwedt 2,2022,762632.000
11W0-0000-0163-M,BNA1945,Küstenkraftwerk K.I.E.L,Kuestenkraftwerk ,2016,0.000
11W0-0000-0163-M,BNA1945,Küstenkraftwerk K.I.E.L,Kuestenkraftwerk ,2017,0.000
11W0-0000-0163-M,BNA1945,Küstenkraftwerk K.I.E.L,Kuestenkraftwerk ,2018,0.000
11W0-0000-0163-M,BNA1945,Küstenkraftwerk K.I.E.L,Kuestenkraftwerk ,2019,0.000
11W0-0000-0163-M,BNA1945,Küstenkraftwerk K.I.E.L,Kuestenkraftwerk ,2020,697877.168
11W0-0000-0163-M,BNA1945,Küstenkraftwerk K.I.E.L,Kuestenkraftwerk ,2021,826121.694
11W0-0000-0163-M,BNA1945,Küstenkraftwerk K.I.E.L,Kuestenkraftwerk ,2022,599733.537
11WD8KLIN5G--13E,BNA0081,HKW Klingenberg Dampfturbine,Klingenberg ,2016,572926.000
11WD8KLIN5G--13E,BNA0081,HKW Klingenberg Dampfturbine,Klingenberg ,2017,624804.000
11WD8KLIN5G--13E,BNA0081,HKW Klingenberg Dampfturbine,Klingenberg ,2018,608667.000
11WD8KLIN5G--13E,BNA0081,HKW Klingenberg Dampfturbine,Klingenberg ,2019,642187.000
11WD8KLIN5G--13E,BNA0081,HKW Klingenberg Dampfturbine,Klingenberg ,2020,549994.000
11WD8KLIN5G--13E,BNA0081,HKW Klingenberg Dampfturbine,Klingenberg ,2021,446429.000
11WD8KLIN5G--13E,BNA0081,HKW Klingenberg Dampfturbine,Klingenberg ,2022,374661.000
11WD7KWKN-KW-EEN,BNA0548a,Knapsack I,Knapsack 1,2016,921266.000
11WD7KWKN-KW-EEN,BNA0548a,Knapsack I,Knapsack 1,2017,895016.000
11WD7KWKN-KW-EEN,BNA0548a,Knapsack I,Knapsack 1,2018,437028.000
11WD7KWKN-KW-EEN,BNA0548a,Knapsack I,Knapsack 1,2019,2513194.000
11WD7KWKN-KW-EEN,BNA0548a,Knapsack I,Knapsack 1,2020,2708622.000
11WD7KWKN-KW-EEN,BNA0548a,Knapsack I,Knapsack 1,2021,1116959.000
11WD7KWKN-KW-EEN,BNA0548a,Knapsack I,Knapsack 1,2022,673046.000
11WD7KWKN-20-EEW,BNA0548b,Kraftwerk Knapsack II,Knapsack 2,2016,865663.000
11WD7KWKN-20-EEW,BNA0548b,Kraftwerk Knapsack II,Knapsack 2,2017,1134407.000
11WD7KWKN-20-EEW,BNA0548b,Kraftwerk Knapsack II,Knapsack 2,2018,890725.000
11WD7KWKN-20-EEW,BNA0548b,Kraftwerk Knapsack II,Knapsack 2,2019,1485686.000
11WD7KWKN-20-EEW,BNA0548b,Kraftwerk Knapsack II,Knapsack 2,2020,1743406.000
11WD7KWKN-20-EEW,BNA0548b,Kraftwerk Knapsack II,Knapsack 2,2021,1050355.000
11WD7KWKN-20-EEW,BNA0548b,Kraftwerk Knapsack II,Knapsack 2,2022,570651.000
11WD8ROST1C----K,BNA0849,Kraftwerk Rostock Block A,Rostock ,2016,3224760.000
11WD8ROST1C----K,BNA0849,Kraftwerk Rostock Block A,Rostock ,2017,2846041.000
11WD8ROST1C----K,BNA0849,Kraftwerk Rostock Block A,Rostock ,2018,2179318.000
11WD8ROST1C----K,BNA0849,Kraftwerk Rostock Block A,Rostock ,2019,2075087.000
11WD8ROST1C----K,BNA0849,Kraftwerk Rostock Block A,Rostock ,2020,1122191.000
11WD8ROST1C----K,BNA0849,Kraftwerk Rostock Block A,Rostock ,2021,2485147.000
11WD8ROST1C----K,BNA0849,Kraftwerk Rostock Block A,Rostock ,2022,2000279.000
11WD7LUDW2GGT11E,BNA0614b,GuD Mitte GT11,Mitte GT11,2016,670385.500
11WD7LUDW2GGT11E,BNA0614b,GuD Mitte GT11,Mitte GT11,2017,700761.500
11WD7LUDW2GGT11E,BNA0614b,GuD Mitte GT11,Mitte GT11,2018,725186.000
11WD7LUDW2GGT11E,BNA0614b,GuD Mitte GT11,Mitte GT11,2019,735121.000
11WD7LUDW2GGT11E,BNA0614b,GuD Mitte GT11,Mitte GT11,2020,740698.000
11WD7LUDW2GGT11E,BNA0614b,GuD Mitte GT11,Mitte GT11,2021,695571.500
11WD7LUDW2GGT11E,BNA0614b,GuD Mitte GT11,Mitte GT11,2022,543325.000
11WD7LUDW2GGT12C,BNA0614b,GuD Mitte GT12,Mitte GT12,2016,670385.500
11WD7LUDW2GGT12C,BNA0614b,GuD Mitte GT12,Mitte GT12,2017,700761.500
11WD7LUDW2GGT12C,BNA0614b,GuD Mitte GT12,Mitte GT12,2018,725186.000
11WD7LUDW2GGT12C,BNA0614b,GuD Mitte GT12,Mitte GT12,2019,735121.000
11WD7LUDW2GGT12C,BNA0614b,GuD Mitte GT12,Mitte GT12,2020,740698.000
11WD7LUDW2GGT12C,BNA0614b,GuD Mitte GT12,Mitte GT12,2021,695571.500
11WD7LUDW2GGT12C,BNA0614b,GuD Mitte GT12,Mitte GT12,2022,543325.000
11WD7LUDW5GSDG1Q,BNA0615,GuD Süd GT1,Sued GT1,2016,495242.000
11WD7LUDW5GSDG1Q,BNA0615,GuD Süd GT1,Sued GT1,2017,638596.000
11WD7LUDW5GSDG1Q,BNA0615,GuD Süd GT1,Sued GT1,2018,566027.000
11WD7LUDW5GSDG1Q,BNA0615,GuD Süd GT1,Sued GT1,2019,571113.000
11WD7LUDW5GSDG1Q,BNA0615,GuD Süd GT1,Sued GT1,2020,539878.500
11WD7LUDW5GSDG1Q,BNA0615,GuD Süd GT1,Sued GT1,2021,633178.000
11WD7LUDW5GSDG1Q,BNA0615,GuD Süd GT1,Sued GT1,2022,404939.000
11WD7LUDW5GSDG2O,BNA0615,GuD Süd GT2,Sued GT2,2016,495242.000
11WD7LUDW5GSDG2O,BNA0615,GuD Süd GT2,Sued GT2,2017,638596.000
11WD7LUDW5GSDG2O,BNA0615,GuD Süd GT2,Sued GT2,2018,566027.000
11WD7LUDW5GSDG2O,BNA0615,GuD Süd GT2,Sued GT2,2019,571113.000
11WD7LUDW5GSDG2O,BNA0615,GuD Süd GT2,Sued GT2,2020,539878.500
11WD7LUDW5GSDG2O,BNA0615,GuD Süd GT2,Sued GT2,2021,633178.000
11WD7LUDW5GSDG2O,BNA0615,GuD Süd GT2,Sued GT2,2022,404939.000
11WD7MITB1C---A1,BNA0093,Bexbach,Bexbach A,2016,1794053.355
11WD7MITB1C---A1,BNA0093,Bexbach,Bexbach A,2017,530052.567
11WD7MITB1C---A1,BNA0093,Bexbach,Bexbach A,2018,31504.000
11WD7MITB1C---A1,BNA0093,Bexbach,Bexbach A,2019,58183.000
11WD7MITB1C---A1,BNA0093,Bexbach,Bexbach A,2020,138061.000
11WD7MITB1C---A1,BNA0093,Bexbach,Bexbach A,2021,227437.000
11WD7MITB1C---A1,BNA0093,Bexbach,Bexbach A,2022,727205.000
11WD2BRE6000118Z,BNA0146,KW Hafen,Hafen 6,2016,1542451.000
11WD2BRE6000118Z,BNA0146,KW Hafen,Hafen 6,2017,1679459.000
11WD2BRE6000118Z,BNA0146,KW Hafen,Hafen 6,2018,1252723.000
11WD2BRE6000118Z,BNA0146,KW Hafen,Hafen 6,2019,1264283.000
11WD2BRE6000118Z,BNA0146,KW Hafen,Hafen 6,2020,113365.000
11WD2BRE6000118Z,BNA0146,KW Hafen,Hafen 6,2021,0.000
11WD2BRE6000118Z,BNA0146,KW Hafen,Hafen 6,2022,0.000
11WD7ENSD2S--1-J,BNA0252,Kraftwerk Ensdorf,Ensdorf 1,2016,0.000
11WD7ENSD2S--1-J,BNA0252,Kraftwerk Ensdorf,Ensdorf 1,2017,0.000
11WD7ENSD2S--1-J,BNA0252,Kraftwerk Ensdorf,Ensdorf 1,2018,0.000
11WD7ENSD2S--1-J,BNA0252,Kraftwerk Ensdorf,Ensdorf 1,2019,0.000
11WD7ENSD2S--1-J,BNA0252,Kraftwerk Ensdorf,Ensdorf 1,2020,0.000
11WD7ENSD2S--1-J,BNA0252,Kraftwerk Ensdorf,Ensdorf 1,2021,0.000
11WD7ENSD2S--1-J,BNA0252,Kraftwerk Ensdorf,Ensdorf 1,2022,0.000
11WD7ENSD5S--3-T,BNA0253,Kraftwerk Ensdorf,Ensdorf 3,2016,0.000
11WD7ENSD5S--3-T,BNA0253,Kraftwerk Ensdorf,Ensdorf 3,2017,0.000
11WD7ENSD5S--3-T,BNA0253,Kraftwerk Ensdorf,Ensdorf 3,2018,0.000
11WD7ENSD5S--3-T,BNA0253,Kraftwerk Ensdorf,Ensdorf 3,2019,0.000
11WD7ENSD5S--3-T,BNA0253,Kraftwerk Ensdorf,Ensdorf 3,2020,0.000
11WD7ENSD5S--3-T,BNA0253,Kraftwerk Ensdorf,Ensdorf 3,2021,0.000
11WD7ENSD5S--3-T,BNA0253,Kraftwerk Ensdorf,Ensdorf 3,2022,0.000
11WD2FARG0001262,BNA0147,Kraftwerk Farge,Farge ,2016,1112507.000
11WD2FARG0001262,BNA0147,Kraftwerk Farge,Farge ,2017,1460029.000
11WD2FARG0001262,BNA0147,Kraftwerk Farge,Farge ,2018,1374123.000
11WD2FARG0001262,BNA0147,Kraftwerk Farge,Farge ,2019,600075.000
11WD2FARG0001262,BNA0147,Kraftwerk Farge,Farge ,2020,391132.000
11WD2FARG0001262,BNA0147,Kraftwerk Farge,Farge ,2021,971534.000
11WD2FARG0001262,BNA0147,Kraftwerk Farge,Farge ,2022,1360623.000
11WD2BR15000116G,BNA0144,KW Hastedt Block 15,Hastedt 15,2016,706342.000
11WD2BR15000116G,BNA0144,KW Hastedt Block 15,Hastedt 15,2017,786206.000
11WD2BR15000116G,BNA0144,KW Hastedt Block 15,Hastedt 15,2018,694059.000
11WD2BR15000116G,BNA0144,KW Hastedt Block 15,Hastedt 15,2019,715912.000
11WD2BR15000116G,BNA0144,KW Hastedt Block 15,Hastedt 15,2020,575460.000
11WD2BR15000116G,BNA0144,KW Hastedt Block 15,Hastedt 15,2021,598004.000
11WD2BR15000116G,BNA0144,KW Hastedt Block 15,Hastedt 15,2022,681203.000
11WD7HERN2S--4-X,BNA0450,Herne 4,Herne 4,2016,1600813.421
11WD7HERN2S--4-X,BNA0450,Herne 4,Herne 4,2017,1329850.000
11WD7HERN2S--4-X,BNA0450,Herne 4,Herne 4,2018,1245800.000
11WD7HERN2S--4-X,BNA0450,Herne 4,Herne 4,2019,1005968.000
11WD7HERN2S--4-X,BNA0450,Herne 4,Herne 4,2020,730048.000
11WD7HERN2S--4-X,BNA0450,Herne 4,Herne 4,2021,1148183.000
11WD7HERN2S--4-X,BNA0450,Herne 4,Herne 4,2022,1549229.000
11WD2ING3000058X,BNA0378,Ingolstadt 3,Ingolstadt 3,2016,23080.000
11WD2ING3000058X,BNA0378,Ingolstadt 3,Ingolstadt 3,2017,7218.000
11WD2ING3000058X,BNA0378,Ingolstadt 3,Ingolstadt 3,2018,3749.000
11WD2ING3000058X,BNA0378,Ingolstadt 3,Ingolstadt 3,2019,10925.000
11WD2ING3000058X,BNA0378,Ingolstadt 3,Ingolstadt 3,2020,3803.000
11WD2ING3000058X,BNA0378,Ingolstadt 3,Ingolstadt 3,2021,2601.000
11WD2ING3000058X,BNA0378,Ingolstadt 3,Ingolstadt 3,2022,0.000
11WD2ING4000059N,BNA0379,Ingolstadt 4,Ingolstadt 4,2016,12175.000
11WD2ING4000059N,BNA0379,Ingolstadt 4,Ingolstadt 4,2017,17213.000
11WD2ING4000059N,BNA0379,Ingolstadt 4,Ingolstadt 4,2018,3618.000
11WD2ING4000059N,BNA0379,Ingolstadt 4,Ingolstadt 4,2019,4184.000
11WD2ING4000059N,BNA0379,Ingolstadt 4,Ingolstadt 4,2020,21.000
11WD2ING4000059N,BNA0379,Ingolstadt 4,Ingolstadt 4,2021,11012.000
11WD2ING4000059N,BNA0379,Ingolstadt 4,Ingolstadt 4,2022,0.000
11WD8JAEN1L---AD,BNA0785,Kraftwerk Jänschwalde Block A,Jaenschwalde A,2016,3500427.000
11WD8JAEN1L---AD,BNA0785,Kraftwerk Jänschwalde Block A,Jaenschwalde A,2017,3639685.000
11WD8JAEN1L---AD,BNA0785,Kraftwerk Jänschwalde Block A,Jaenschwalde A,2018,3015513.000
11WD8JAEN1L---AD,BNA0785,Kraftwerk Jänschwalde Block A,Jaenschwalde A,2019,3471186.000
11WD8JAEN1L---AD,BNA0785,Kraftwerk Jänschwalde Block A,Jaenschwalde A,2020,2627372.000
11WD8JAEN1L---AD,BNA0785,Kraftwerk Jänschwalde Block A,Jaenschwalde A,2021,3329422.000
11WD8JAEN1L---AD,BNA0785,Kraftwerk Jänschwalde Block A,Jaenschwalde A,2022,3323243.000
11WD8JAEN1L---BB,BNA0786,Kraftwerk Jänschwalde Block B,Jaenschwalde B,2016,2556314.000
11WD8JAEN1L---BB,BNA0786,Kraftwerk Jänschwalde Block B,Jaenschwalde B,2017,3231675.000
11WD8JAEN1L---BB,BNA0786,Kraftwerk Jänschwalde Block B,Jaenschwalde B,2018,3015607.000
11WD8JAEN1L---BB,BNA0786,Kraftwerk Jänschwalde Block B,Jaenschwalde B,2019,3440116.000
11WD8JAEN1L---BB,BNA0786,Kraftwerk Jänschwalde Block B,Jaenschwalde B,2020,3125729.000
11WD8JAEN1L---BB,BNA0786,Kraftwerk Jänschwalde Block B,Jaenschwalde B,2021,2867606.000
11WD8JAEN1L---BB,BNA0786,Kraftwerk Jänschwalde Block B,Jaenschwalde B,2022,3299058.000
11WD8JAEN1L---C9,BNA0787,Kraftwerk Jänschwalde Block C,Jaenschwalde C,2016,3618723.000
11WD8JAEN1L---C9,BNA0787,Kraftwerk Jänschwalde Block C,Jaenschwalde C,2017,3179236.000
11WD8JAEN1L---C9,BNA0787,Kraftwerk Jänschwalde Block C,Jaenschwalde C,2018,3398174.000
11WD8JAEN1L---C9,BNA0787,Kraftwerk Jänschwalde Block C,Jaenschwalde C,2019,2652569.000
11WD8JAEN1L---C9,BNA0787,Kraftwerk Jänschwalde Block C,Jaenschwalde C,2020,3033470.000
11WD8JAEN1L---C9,BNA0787,Kraftwerk Jänschwalde Block C,Jaenschwalde C,2021,3462713.000
11WD8JAEN1L---C9,BNA0787,Kraftwerk Jänschwalde Block C,Jaenschwalde C,2022,2301721.000
11WD8JAEN1L---D7,BNA0788,Kraftwerk Jänschwalde Block D,Jaenschwalde D,2016,3525840.000
11WD8JAEN1L---D7,BNA0788,Kraftwerk Jänschwalde Block D,Jaenschwalde D,2017,3000049.000
11WD8JAEN1L---D7,BNA0788,Kraftwerk Jänschwalde Block D,Jaenschwalde D,2018,3501495.000
11WD8JAEN1L---D7,BNA0788,Kraftwerk Jänschwalde Block D,Jaenschwalde D,2019,3169973.000
11WD8JAEN1L---D7,BNA0788,Kraftwerk Jänschwalde Block D,Jaenschwalde D,2020,2899103.000
11WD8JAEN1L---D7,BNA0788,Kraftwerk Jänschwalde Block D,Jaenschwalde D,2021,3290272.000
11WD8JAEN1L---D7,BNA0788,Kraftwerk Jänschwalde Block D,Jaenschwalde D,2022,2592266.000
11WD8JAEN1L---E5,BNA0789,Kraftwerk Jänschwalde Block E,Jaenschwalde E,2016,3123986.000
11WD8JAEN1L---E5,BNA0789,Kraftwerk Jänschwalde Block E,Jaenschwalde E,2017,3291582.000
11WD8JAEN1L---E5,BNA0789,Kraftwerk Jänschwalde Block E,Jaenschwalde E,2018,3312457.000
11WD8JAEN1L---E5,BNA0789,Kraftwerk Jänschwalde Block E,Jaenschwalde E,2019,2370873.000
11WD8JAEN1L---E5,BNA0789,Kraftwerk Jänschwalde Block E,Jaenschwalde E,2020,0.000
11WD8JAEN1L---E5,BNA0789,Kraftwerk Jänschwalde Block E,Jaenschwalde E,2021,0.000
11WD8JAEN1L---E5,BNA0789,Kraftwerk Jänschwalde Block E,Jaenschwalde E,2022,589359.000
11WD8JAEN1L---F3,BNA0790,Kraftwerk Jänschwalde Block F,Jaenschwalde F,2016,3624532.000
11WD8JAEN1L---F3,BNA0790,Kraftwerk Jänschwalde Block F,Jaenschwalde F,2017,3279918.000
11WD8JAEN1L---F3,BNA0790,Kraftwerk Jänschwalde Block F,Jaenschwalde F,2018,2669365.000
11WD8JAEN1L---F3,BNA0790,Kraftwerk Jänschwalde Block F,Jaenschwalde F,2019,0.000
11WD8JAEN1L---F3,BNA0790,Kraftwerk Jänschwalde Block F,Jaenschwalde F,2020,0.000
11WD8JAEN1L---F3,BNA0790,Kraftwerk Jänschwalde Block F,Jaenschwalde F,2021,0.000
11WD8JAEN1L---F3,BNA0790,Kraftwerk Jänschwalde Block F,Jaenschwalde F,2022,400761.000
11WD7BISC5GKW2-W,BNA0627,KW2 DT,Mainz-Wiesbaden 2,2016,877.190
11WD7BISC5GKW2-W,BNA0627,KW2 DT,Mainz-Wiesbaden 2,2017,109770.000
11WD7BISC5GKW2-W,BNA0627,KW2 DT,Mainz-Wiesbaden 2,2018,6263.000
11WD7BISC5GKW2-W,BNA0627,KW2 DT,Mainz-Wiesbaden 2,2019,7097.000
11WD7BISC5GKW2-W,BNA0627,KW2 DT,Mainz-Wiesbaden 2,2020,2090.000
11WD7BISC5GKW2-W,BNA0627,KW2 DT,Mainz-Wiesbaden 2,2021,0.000
11WD7BISC5GKW2-W,BNA0627,KW2 DT,Mainz-Wiesbaden 2,2022,0.000
11WD7BISC5GKW3-T,BNA0626,KW3 GT,Mainz-Wiesbaden 3,2016,1537135.471
11WD7BISC5GKW3-T,BNA0626,KW3 GT,Mainz-Wiesbaden 3,2017,1576489.000
11WD7BISC5GKW3-T,BNA0626,KW3 GT,Mainz-Wiesbaden 3,2018,1166051.000
11WD7BISC5GKW3-T,BNA0626,KW3 GT,Mainz-Wiesbaden 3,2019,1971833.000
11WD7BISC5GKW3-T,BNA0626,KW3 GT,Mainz-Wiesbaden 3,2020,2122027.000
11WD7BISC5GKW3-T,BNA0626,KW3 GT,Mainz-Wiesbaden 3,2021,1213444.000
11WD7BISC5GKW3-T,BNA0626,KW3 GT,Mainz-Wiesbaden 3,2022,1460862.000
11WD2BRE4000115K,BNA0142,KW Mittelsbüren Block 4,Mittelsbueren 4,2016,1074012.000
11WD2BRE4000115K,BNA0142,KW Mittelsbüren Block 4,Mittelsbueren 4,2017,856763.000
11WD2BRE4000115K,BNA0142,KW Mittelsbüren Block 4,Mittelsbueren 4,2018,932359.000
11WD2BRE4000115K,BNA0142,KW Mittelsbüren Block 4,Mittelsbueren 4,2019,949545.000
11WD2BRE4000115K,BNA0142,KW Mittelsbüren Block 4,Mittelsbueren 4,2020,621071.000
11WD2BRE4000115K,BNA0142,KW Mittelsbüren Block 4,Mittelsbueren 4,2021,902825.000
11WD2BRE4000115K,BNA0142,KW Mittelsbüren Block 4,Mittelsbueren 4,2022,929126.000
11WD7VOER1S--A-1,BNA0989,KW West,Voerde A,2016,2237766.000
11WD7VOER1S--A-1,BNA0989,KW West,Voerde A,2017,549075.000
11WD7VOER1S--A-1,BNA0989,KW West,Voerde A,2018,0.000
11WD7VOER1S--A-1,BNA0989,KW West,Voerde A,2019,0.000
11WD7VOER1S--A-1,BNA0989,KW West,Voerde A,2020,0.000
11WD7VOER1S--A-1,BNA0989,KW West,Voerde A,2021,0.000
11WD7VOER1S--A-1,BNA0989,KW West,Voerde A,2022,0.000
11WD7VOER1S--B-Z,BNA0990,KW West,Voerde B,2016,2111088.000
11WD7VOER1S--B-Z,BNA0990,KW West,Voerde B,2017,590954.000
11WD7VOER1S--B-Z,BNA0990,KW West,Voerde B,2018,0.000
11WD7VOER1S--B-Z,BNA0990,KW West,Voerde B,2019,0.000
11WD7VOER1S--B-Z,BNA0990,KW West,Voerde B,2020,0.000
11WD7VOER1S--B-Z,BNA0990,KW West,Voerde B,2021,0.000
11WD7VOER1S--B-Z,BNA0990,KW West,Voerde B,2022,0.000
11WD4WALK5OGTD-F,BNA1004,Kraftwerk Walheim GTD,Walheim GTD,2016,17861.000
11WD4WALK5OGTD-F,BNA1004,Kraftwerk Walheim GTD,Walheim GTD,2017,30564.000
11WD4WALK5OGTD-F,BNA1004,Kraftwerk Walheim GTD,Walheim GTD,2018,23211.000
11WD4WALK5OGTD-F,BNA1004,Kraftwerk Walheim GTD,Walheim GTD,2019,15808.000
11WD4WALK5OGTD-F,BNA1004,Kraftwerk Walheim GTD,Walheim GTD,2020,15315.000
11WD4WALK5OGTD-F,BNA1004,Kraftwerk Walheim GTD,Walheim GTD,2021,32512.000
11WD4WALK5OGTD-F,BNA1004,Kraftwerk Walheim GTD,Walheim GTD,2022,30997.000
11WD7WALS1S--10A,BNA0216b,Walsum 10,Walsum 10,2016,3514142.446
11WD7WALS1S--10A,BNA0216b,Walsum 10,Walsum 10,2017,2307098.000
11WD7WALS1S--10A,BNA0216b,Walsum 10,Walsum 10,2018,2528065.000
11WD7WALS1S--10A,BNA0216b,Walsum 10,Walsum 10,2019,2509842.000
11WD7WALS1S--10A,BNA0216b,Walsum 10,Walsum 10,2020,1390218.393
11WD7WALS1S--10A,BNA0216b,Walsum 10,Walsum 10,2021,2387357.000
11WD7WALS1S--10A,BNA0216b,Walsum 10,Walsum 10,2022,3198339.000
11WD7WALS5S--9-Y,BNA0216,Walsum 9,Walsum 9,2016,1270057.306
11WD7WALS5S--9-Y,BNA0216,Walsum 9,Walsum 9,2017,1121612.000
11WD7WALS5S--9-Y,BNA0216,Walsum 9,Walsum 9,2018,1113336.000
11WD7WALS5S--9-Y,BNA0216,Walsum 9,Walsum 9,2019,818619.000
11WD7WALS5S--9-Y,BNA0216,Walsum 9,Walsum 9,2020,688570.000
11WD7WALS5S--9-Y,BNA0216,Walsum 9,Walsum 9,2021,6.000
11WD7WALS5S--9-Y,BNA0216,Walsum 9,Walsum 9,2022,6.000
11WD2WILH0001255,BNA1674,Kraftwerk Wilhelmshaven Onyx,Wilhelmshaven (ENGIE) ,2016,1344793.000
11WD2WILH0001255,BNA1674,Kraftwerk Wilhelmshaven Onyx,Wilhelmshaven (ENGIE) ,2017,2723961.000
11WD2WILH0001255,BNA1674,Kraftwerk Wilhelmshaven Onyx,Wilhelmshaven (ENGIE) ,2018,158483.000
11WD2WILH0001255,BNA1674,Kraftwerk Wilhelmshaven Onyx,Wilhelmshaven (ENGIE) ,2019,0.000
11WD2WILH0001255,BNA1674,Kraftwerk Wilhelmshaven Onyx,Wilhelmshaven (ENGIE) ,2020,0.000
11WD2WILH0001255,BNA1674,Kraftwerk Wilhelmshaven Onyx,Wilhelmshaven (ENGIE) ,2021,0.000
11WD2WILH0001255,BNA1674,Kraftwerk Wilhelmshaven Onyx,Wilhelmshaven (ENGIE) ,2022,0.000
11WD2HERR5G----G,BNA0419,Kraftwerk Herrenhausen Block B,Herrenhausen B,2016,10444.000
11WD2HERR5G----G,BNA0419,Kraftwerk Herrenhausen Block B,Herrenhausen B,2017,2191.000
11WD2HERR5G----G,BNA0419,Kraftwerk Herrenhausen Block B,Herrenhausen B,2018,6148.000
11WD2HERR5G----G,BNA0419,Kraftwerk Herrenhausen Block B,Herrenhausen B,2019,3542.000
11WD2HERR5G----G,BNA0419,Kraftwerk Herrenhausen Block B,Herrenhausen B,2020,0.000
11WD2HERR5G----G,BNA0419,Kraftwerk Herrenhausen Block B,Herrenhausen B,2021,888.000
11WD2HERR5G----G,BNA0419,Kraftwerk Herrenhausen Block B,Herrenhausen B,2022,194.000
11WD2MEHR2CSWHCZ,BNA0464,KWM Block 3,Mehrum 3,2016,1988710.000
11WD2MEHR2CSWHCZ,BNA0464,KWM Block 3,Mehrum 3,2017,2187603.000
11WD2MEHR2CSWHCZ,BNA0464,KWM Block 3,Mehrum 3,2018,2607831.000
11WD2MEHR2CSWHCZ,BNA0464,KWM Block 3,Mehrum 3,2019,760756.000
11WD2MEHR2CSWHCZ,BNA0464,KWM Block 3,Mehrum 3,2020,919152.000
11WD2MEHR2CSWHCZ,BNA0464,KWM Block 3,Mehrum 3,2021,1016963.844
11WD2MEHR2CSWHCZ,BNA0464,KWM Block 3,Mehrum 3,2022,1058804.000
11W0-0000-0103-9,BNA1935,GuD Lichterfelde,Lichterfelde GuD,2016,0.000
11W0-0000-0103-9,BNA1935,GuD Lichterfelde,Lichterfelde GuD,2017,0.000
11W0-0000-0103-9,BNA1935,GuD Lichterfelde,Lichterfelde GuD,2018,0.000
11W0-0000-0103-9,BNA1935,GuD Lichterfelde,Lichterfelde GuD,2019,0.000
11W0-0000-0103-9,BNA1935,GuD Lichterfelde,Lichterfelde GuD,2020,0.000
11W0-0000-0103-9,BNA1935,GuD Lichterfelde,Lichterfelde GuD,2021,0.000
11W0-0000-0103-9,BNA1935,GuD Lichterfelde,Lichterfelde GuD,2022,0.000
11WD8LICH5G---1Y,BNA0075,Lichterfelde,Lichterfelde 1,2016,312606.000
11WD8LICH5G---1Y,BNA0075,Lichterfelde,Lichterfelde 1,2017,338359.000
11WD8LICH5G---1Y,BNA0075,Lichterfelde,Lichterfelde 1,2018,222616.000
11WD8LICH5G---1Y,BNA0075,Lichterfelde,Lichterfelde 1,2019,0.000
11WD8LICH5G---1Y,BNA0075,Lichterfelde,Lichterfelde 1,2020,0.000
11WD8LICH5G---1Y,BNA0075,Lichterfelde,Lichterfelde 1,2021,0.000
11WD8LICH5G---1Y,BNA0075,Lichterfelde,Lichterfelde 1,2022,0.000
11WD8LICH5G---3U,BNA0076,Lichterfelde,Lichterfelde 3,2016,0.000
11WD8LICH5G---3U,BNA0076,Lichterfelde,Lichterfelde 3,2017,0.000
11WD8LICH5G---3U,BNA0076,Lichterfelde,Lichterfelde 3,2018,0.000
11WD8LICH5G---3U,BNA0076,Lichterfelde,Lichterfelde 3,2019,0.000
11WD8LICH5G---3U,BNA0076,Lichterfelde,Lichterfelde 3,2020,0.000
11WD8LICH5G---3U,BNA0076,Lichterfelde,Lichterfelde 3,2021,0.000
11WD8LICH5G---3U,BNA0076,Lichterfelde,Lichterfelde 3,2022,0.000
11WD2NOR20001055,BNA0969b,SWM HKW Nord 2 T20,Nord 2-T20,2016,1561921.000
11WD2NOR20001055,BNA0969b,SWM HKW Nord 2 T20,Nord 2-T20,2017,1408925.000
11WD2NOR20001055,BNA0969b,SWM HKW Nord 2 T20,Nord 2-T20,2018,1109204.000
11WD2NOR20001055,BNA0969b,SWM HKW Nord 2 T20,Nord 2-T20,2019,1118207.000
11WD2NOR20001055,BNA0969b,SWM HKW Nord 2 T20,Nord 2-T20,2020,597897.000
11WD2NOR20001055,BNA0969b,SWM HKW Nord 2 T20,Nord 2-T20,2021,656671.000
11WD2NOR20001055,BNA0969b,SWM HKW Nord 2 T20,Nord 2-T20,2022,872167.000
11WD8MOOR1C---AV,BNA1673,Moorburg Block A,Moorburg A,2016,3339900.000
11WD8MOOR1C---AV,BNA1673,Moorburg Block A,Moorburg A,2017,3706197.000
11WD8MOOR1C---AV,BNA1673,Moorburg Block A,Moorburg A,2018,4011799.000
11WD8MOOR1C---AV,BNA1673,Moorburg Block A,Moorburg A,2019,2617081.000
11WD8MOOR1C---AV,BNA1673,Moorburg Block A,Moorburg A,2020,627616.000
11WD8MOOR1C---AV,BNA1673,Moorburg Block A,Moorburg A,2021,73001.000
11WD8MOOR1C---AV,BNA1673,Moorburg Block A,Moorburg A,2022,0.000
11WD8MOOR1C---BT,BNA1558,Moorburg Block B,Moorburg B,2016,3456025.000
11WD8MOOR1C---BT,BNA1558,Moorburg Block B,Moorburg B,2017,3906512.000
11WD8MOOR1C---BT,BNA1558,Moorburg Block B,Moorburg B,2018,3734421.000
11WD8MOOR1C---BT,BNA1558,Moorburg Block B,Moorburg B,2019,3205032.000
11WD8MOOR1C---BT,BNA1558,Moorburg Block B,Moorburg B,2020,1316971.000
11WD8MOOR1C---BT,BNA1558,Moorburg Block B,Moorburg B,2021,0.000
11WD8MOOR1C---BT,BNA1558,Moorburg Block B,Moorburg B,2022,0.000
11WD7NEUR1B--D-R,BNA0699,Neurath D,Neurath D,2016,2992680.000
11WD7NEUR1B--D-R,BNA0699,Neurath D,Neurath D,2017,4161988.000
11WD7NEUR1B--D-R,BNA0699,Neurath D,Neurath D,2018,4297170.000
11WD7NEUR1B--D-R,BNA0699,Neurath D,Neurath D,2019,1689022.000
11WD7NEUR1B--D-R,BNA0699,Neurath D,Neurath D,2020,1599156.000
11WD7NEUR1B--D-R,BNA0699,Neurath D,Neurath D,2021,3380211.000
11WD7NEUR1B--D-R,BNA0699,Neurath D,Neurath D,2022,3551819.000
11WD7NEUR1B--E-O,BNA0700,Neurath E,Neurath E,2016,3934127.000
11WD7NEUR1B--E-O,BNA0700,Neurath E,Neurath E,2017,3303061.000
11WD7NEUR1B--E-O,BNA0700,Neurath E,Neurath E,2018,4132292.000
11WD7NEUR1B--E-O,BNA0700,Neurath E,Neurath E,2019,3160021.000
11WD7NEUR1B--E-O,BNA0700,Neurath E,Neurath E,2020,1578548.000
11WD7NEUR1B--E-O,BNA0700,Neurath E,Neurath E,2021,2436873.000
11WD7NEUR1B--E-O,BNA0700,Neurath E,Neurath E,2022,3119418.000
11WD7NEUR1B--B-X,BNA0697,Neurath B,Neurath B,2016,1990437.000
11WD7NEUR1B--B-X,BNA0697,Neurath B,Neurath B,2017,2271638.000
11WD7NEUR1B--B-X,BNA0697,Neurath B,Neurath B,2018,1971515.000
11WD7NEUR1B--B-X,BNA0697,Neurath B,Neurath B,2019,1303274.000
11WD7NEUR1B--B-X,BNA0697,Neurath B,Neurath B,2020,990122.000
11WD7NEUR1B--B-X,BNA0697,Neurath B,Neurath B,2021,1750983.000
11WD7NEUR1B--B-X,BNA0697,Neurath B,Neurath B,2022,0.000
11WD7NEUR1B--C-U,BNA0698,Neurath C,Neurath C,2016,1758575.000
11WD7NEUR1B--C-U,BNA0698,Neurath C,Neurath C,2017,1971850.000
11WD7NEUR1B--C-U,BNA0698,Neurath C,Neurath C,2018,1907852.000
11WD7NEUR1B--C-U,BNA0698,Neurath C,Neurath C,2019,882157.000
11WD7NEUR1B--C-U,BNA0698,Neurath C,Neurath C,2020,0.000
11WD7NEUR1B--C-U,BNA0698,Neurath C,Neurath C,2021,0.000
11WD7NEUR1B--C-U,BNA0698,Neurath C,Neurath C,2022,455904.000
11WD7NEUR1B--F-L,BNA1401a,Neurath F,Neurath F,2016,653610.460
11WD7NEUR1B--F-L,BNA1401a,Neurath F,Neurath F,2017,1242431.702
11WD7NEUR1B--F-L,BNA1401a,Neurath F,Neurath F,2018,7571565.000
11WD7NEUR1B--F-L,BNA1401a,Neurath F,Neurath F,2019,5553656.000
11WD7NEUR1B--F-L,BNA1401a,Neurath F,Neurath F,2020,5301725.000
11WD7NEUR1B--F-L,BNA1401a,Neurath F,Neurath F,2021,5958324.000
11WD7NEUR1B--F-L,BNA1401a,Neurath F,Neurath F,2022,856581.623
11WD7NEUR1B--G-I,BNA1401b,Neurath G,Neurath G,2016,655326.087
11WD7NEUR1B--G-I,BNA1401b,Neurath G,Neurath G,2017,2136226.865
11WD7NEUR1B--G-I,BNA1401b,Neurath G,Neurath G,2018,7601541.000
11WD7NEUR1B--G-I,BNA1401b,Neurath G,Neurath G,2019,6597661.000
11WD7NEUR1B--G-I,BNA1401b,Neurath G,Neurath G,2020,6146514.000
11WD7NEUR1B--G-I,BNA1401b,Neurath G,Neurath G,2021,4781583.000
11WD7NEUR1B--G-I,BNA1401b,Neurath G,Neurath G,2022,702070.584
11WD7NEUR2B--A-T,BNA0696,Neurath A,Neurath A,2016,1665595.000
11WD7NEUR2B--A-T,BNA0696,Neurath A,Neurath A,2017,2229453.000
11WD7NEUR2B--A-T,BNA0696,Neurath A,Neurath A,2018,1985409.000
11WD7NEUR2B--A-T,BNA0696,Neurath A,Neurath A,2019,1656708.000
11WD7NEUR2B--A-T,BNA0696,Neurath A,Neurath A,2020,1606369.000
11WD7NEUR2B--A-T,BNA0696,Neurath A,Neurath A,2021,1710025.000
11WD7NEUR2B--A-T,BNA0696,Neurath A,Neurath A,2022,468942.000
11WD7NIED1B--G-C,BNA0708,Niederaußem G,Niederaussem G,2016,4080699.000
11WD7NIED1B--G-C,BNA0708,Niederaußem G,Niederaussem G,2017,4320237.000
11WD7NIED1B--G-C,BNA0708,Niederaußem G,Niederaussem G,2018,3472184.000
11WD7NIED1B--G-C,BNA0708,Niederaußem G,Niederaussem G,2019,3023109.000
11WD7NIED1B--G-C,BNA0708,Niederaußem G,Niederaussem G,2020,1765076.000
11WD7NIED1B--G-C,BNA0708,Niederaußem G,Niederaussem G,2021,3518495.000
11WD7NIED1B--G-C,BNA0708,Niederaußem G,Niederaussem G,2022,3332536.000
11WD7NIED1B--H-9,BNA0707,Niederaußem H,Niederaussem H,2016,3503047.000
11WD7NIED1B--H-9,BNA0707,Niederaußem H,Niederaussem H,2017,3556638.000
11WD7NIED1B--H-9,BNA0707,Niederaußem H,Niederaussem H,2018,4681796.000
11WD7NIED1B--H-9,BNA0707,Niederaußem H,Niederaussem H,2019,3286161.000
11WD7NIED1B--H-9,BNA0707,Niederaußem H,Niederaussem H,2020,2061915.000
11WD7NIED1B--H-9,BNA0707,Niederaußem H,Niederaussem H,2021,2240064.000
11WD7NIED1B--H-9,BNA0707,Niederaußem H,Niederaussem H,2022,4291378.000
11WD7NIED1B--K-0,BNA0709,Niederaußem K,Niederaussem K-BoA1,2016,4138123.000
11WD7NIED1B--K-0,BNA0709,Niederaußem K,Niederaussem K-BoA1,2017,7328514.000
11WD7NIED1B--K-0,BNA0709,Niederaußem K,Niederaussem K-BoA1,2018,7006657.000
11WD7NIED1B--K-0,BNA0709,Niederaußem K,Niederaussem K-BoA1,2019,6518999.000
11WD7NIED1B--K-0,BNA0709,Niederaußem K,Niederaussem K-BoA1,2020,4319343.000
11WD7NIED1B--K-0,BNA0709,Niederaußem K,Niederaussem K-BoA1,2021,6869066.000
11WD7NIED1B--K-0,BNA0709,Niederaußem K,Niederaussem K-BoA1,2022,6818166.000
11WD7NIED2B--C-H,BNA0712,Niederaußem C,Niederaussem C,2016,1883488.000
11WD7NIED2B--C-H,BNA0712,Niederaußem C,Niederaussem C,2017,2015788.000
11WD7NIED2B--C-H,BNA0712,Niederaußem C,Niederaussem C,2018,2145834.000
11WD7NIED2B--C-H,BNA0712,Niederaußem C,Niederaussem C,2019,1742198.000
11WD7NIED2B--C-H,BNA0712,Niederaußem C,Niederaussem C,2020,1364580.000
11WD7NIED2B--C-H,BNA0712,Niederaußem C,Niederaussem C,2021,1779915.000
11WD7NIED2B--C-H,BNA0712,Niederaußem C,Niederaussem C,2022,0.000
11WD7NIED2B--D-E,BNA0705,Niederaußem D,Niederaussem D,2016,2013020.000
11WD7NIED2B--D-E,BNA0705,Niederaußem D,Niederaussem D,2017,2071945.000
11WD7NIED2B--D-E,BNA0705,Niederaußem D,Niederaussem D,2018,2103592.000
11WD7NIED2B--D-E,BNA0705,Niederaußem D,Niederaussem D,2019,1651106.000
11WD7NIED2B--D-E,BNA0705,Niederaußem D,Niederaussem D,2020,672369.000
11WD7NIED2B--D-E,BNA0705,Niederaußem D,Niederaussem D,2021,0.000
11WD7NIED2B--D-E,BNA0705,Niederaußem D,Niederaussem D,2022,0.000
11WD7NIED2B--F-8,BNA0706,Niederaußem F,Niederaussem F,2016,1434595.000
11WD7NIED2B--F-8,BNA0706,Niederaußem F,Niederaussem F,2017,2038560.000
11WD7NIED2B--F-8,BNA0706,Niederaußem F,Niederaussem F,2018,1526303.000
11WD7NIED2B--F-8,BNA0706,Niederaußem F,Niederaussem F,2019,0.000
11WD7NIED2B--F-8,BNA0706,Niederaußem F,Niederaussem F,2020,0.000
11WD7NIED2B--F-8,BNA0706,Niederaußem F,Niederaussem F,2021,0.000
11WD7NIED2B--F-8,BNA0706,Niederaußem F,Niederaussem F,2022,310727.000
11WD7NIED2B--E-B,BNA0713,Niederaußem E,Niederaussem E,2016,1878477.000
11WD7NIED2B--E-B,BNA0713,Niederaußem E,Niederaussem E,2017,2230238.000
11WD7NIED2B--E-B,BNA0713,Niederaußem E,Niederaussem E,2018,1581026.000
11WD7NIED2B--E-B,BNA0713,Niederaußem E,Niederaussem E,2019,0.000
11WD7NIED2B--E-B,BNA0713,Niederaußem E,Niederaussem E,2020,0.000
11WD7NIED2B--E-B,BNA0713,Niederaußem E,Niederaussem E,2021,0.000
11WD7NIED2B--E-B,BNA0713,Niederaußem E,Niederaussem E,2022,396705.000
11WD8REUT5X---CX,BNA0082,Reuter,HKW Reuter C,2016,354331.000
11WD8REUT5X---CX,BNA0082,Reuter,HKW Reuter C,2017,382769.000
11WD8REUT5X---CX,BNA0082,Reuter,HKW Reuter C,2018,203223.000
11WD8REUT5X---CX,BNA0082,Reuter,HKW Reuter C,2019,0.000
11WD8REUT5X---CX,BNA0082,Reuter,HKW Reuter C,2020,0.000
11WD8REUT5X---CX,BNA0082,Reuter,HKW Reuter C,2021,0.000
11WD8REUT5X---CX,BNA0082,Reuter,HKW Reuter C,2022,0.000
11WD8REUW1C---DD,BNA0086,HKW Reuter West Dampfturbine D,HKW Reuter-West D,2016,1084779.000
11WD8REUW1C---DD,BNA0086,HKW Reuter West Dampfturbine D,HKW Reuter-West D,2017,1303780.000
11WD8REUW1C---DD,BNA0086,HKW Reuter West Dampfturbine D,HKW Reuter-West D,2018,942845.000
11WD8REUW1C---DD,BNA0086,HKW Reuter West Dampfturbine D,HKW Reuter-West D,2019,693639.000
11WD8REUW1C---DD,BNA0086,HKW Reuter West Dampfturbine D,HKW Reuter-West D,2020,595138.000
11WD8REUW1C---DD,BNA0086,HKW Reuter West Dampfturbine D,HKW Reuter-West D,2021,506683.000
11WD8REUW1C---DD,BNA0086,HKW Reuter West Dampfturbine D,HKW Reuter-West D,2022,865847.000
11WD8REUW1C---EB,BNA0087,HKW Reuter West Dampfturbine E,HKW Reuter-West E,2016,1270934.000
11WD8REUW1C---EB,BNA0087,HKW Reuter West Dampfturbine E,HKW Reuter-West E,2017,954903.000
11WD8REUW1C---EB,BNA0087,HKW Reuter West Dampfturbine E,HKW Reuter-West E,2018,1067326.000
11WD8REUW1C---EB,BNA0087,HKW Reuter West Dampfturbine E,HKW Reuter-West E,2019,675933.000
11WD8REUW1C---EB,BNA0087,HKW Reuter West Dampfturbine E,HKW Reuter-West E,2020,807617.000
11WD8REUW1C---EB,BNA0087,HKW Reuter West Dampfturbine E,HKW Reuter-West E,2021,802120.000
11WD8REUW1C---EB,BNA0087,HKW Reuter West Dampfturbine E,HKW Reuter-West E,2022,494601.000
11WD4RDK71C7---G,BNA0518a,Rheinhafen-Dampfkraftwerk RDK 7,Rheinhafen-Dampfkraftwerk 7,2016,1911305.000
11WD4RDK71C7---G,BNA0518a,Rheinhafen-Dampfkraftwerk RDK 7,Rheinhafen-Dampfkraftwerk 7,2017,1535390.000
11WD4RDK71C7---G,BNA0518a,Rheinhafen-Dampfkraftwerk RDK 7,Rheinhafen-Dampfkraftwerk 7,2018,1550723.000
11WD4RDK71C7---G,BNA0518a,Rheinhafen-Dampfkraftwerk RDK 7,Rheinhafen-Dampfkraftwerk 7,2019,738590.000
11WD4RDK71C7---G,BNA0518a,Rheinhafen-Dampfkraftwerk RDK 7,Rheinhafen-Dampfkraftwerk 7,2020,920769.000
11WD4RDK71C7---G,BNA0518a,Rheinhafen-Dampfkraftwerk RDK 7,Rheinhafen-Dampfkraftwerk 7,2021,1613571.000
11WD4RDK71C7---G,BNA0518a,Rheinhafen-Dampfkraftwerk RDK 7,Rheinhafen-Dampfkraftwerk 7,2022,1731931.000
11WD4RDK81C8---3,BNA0518b,Rheinhafen-Dampfkraftwerk RDK 8,Rheinhafen-Dampfkraftwerk 8,2016,1519549.000
11WD4RDK81C8---3,BNA0518b,Rheinhafen-Dampfkraftwerk RDK 8,Rheinhafen-Dampfkraftwerk 8,2017,3295438.000
11WD4RDK81C8---3,BNA0518b,Rheinhafen-Dampfkraftwerk RDK 8,Rheinhafen-Dampfkraftwerk 8,2018,3086148.000
11WD4RDK81C8---3,BNA0518b,Rheinhafen-Dampfkraftwerk RDK 8,Rheinhafen-Dampfkraftwerk 8,2019,2546913.000
11WD4RDK81C8---3,BNA0518b,Rheinhafen-Dampfkraftwerk RDK 8,Rheinhafen-Dampfkraftwerk 8,2020,1582216.000
11WD4RDK81C8---3,BNA0518b,Rheinhafen-Dampfkraftwerk RDK 8,Rheinhafen-Dampfkraftwerk 8,2021,3324923.000
11WD4RDK81C8---3,BNA0518b,Rheinhafen-Dampfkraftwerk RDK 8,Rheinhafen-Dampfkraftwerk 8,2022,3824201.000
11WD4RDK42G4---O,BNA0514,Rheinhafen- Dampfkraftwerk  RDK 4S,Rheinhafen-Dampfkraftwerk 4,2016,0.000
11WD4RDK42G4---O,BNA0514,Rheinhafen- Dampfkraftwerk  RDK 4S,Rheinhafen-Dampfkraftwerk 4,2017,0.000
11WD4RDK42G4---O,BNA0514,Rheinhafen- Dampfkraftwerk  RDK 4S,Rheinhafen-Dampfkraftwerk 4,2018,0.000
11WD4RDK42G4---O,BNA0514,Rheinhafen- Dampfkraftwerk  RDK 4S,Rheinhafen-Dampfkraftwerk 4,2019,0.000
11WD4RDK42G4---O,BNA0514,Rheinhafen- Dampfkraftwerk  RDK 4S,Rheinhafen-Dampfkraftwerk 4,2020,0.000
11WD4RDK42G4---O,BNA0514,Rheinhafen- Dampfkraftwerk  RDK 4S,Rheinhafen-Dampfkraftwerk 4,2021,0.000
11WD4RDK42G4---O,BNA0514,Rheinhafen- Dampfkraftwerk  RDK 4S,Rheinhafen-Dampfkraftwerk 4,2022,0.000
11WD8SCHK1L---A2,BNA0878,Schkopau A,Schkopau A,2016,2571398.000
11WD8SCHK1L---A2,BNA0878,Schkopau A,Schkopau A,2017,2121433.000
11WD8SCHK1L---A2,BNA0878,Schkopau A,Schkopau A,2018,2685679.000
11WD8SCHK1L---A2,BNA0878,Schkopau A,Schkopau A,2019,1707668.000
11WD8SCHK1L---A2,BNA0878,Schkopau A,Schkopau A,2020,1084303.000
11WD8SCHK1L---A2,BNA0878,Schkopau A,Schkopau A,2021,1719573.000
11WD8SCHK1L---A2,BNA0878,Schkopau A,Schkopau A,2022,1747010.000
11WD8SCHK1L---B0,BNA0879,Schkopau B,Schkopau B,2016,1699558.000
11WD8SCHK1L---B0,BNA0879,Schkopau B,Schkopau B,2017,2192809.000
11WD8SCHK1L---B0,BNA0879,Schkopau B,Schkopau B,2018,2219562.000
11WD8SCHK1L---B0,BNA0879,Schkopau B,Schkopau B,2019,1196634.000
11WD8SCHK1L---B0,BNA0879,Schkopau B,Schkopau B,2020,999058.000
11WD8SCHK1L---B0,BNA0879,Schkopau B,Schkopau B,2021,1546321.000
11WD8SCHK1L---B0,BNA0879,Schkopau B,Schkopau B,2022,1437911.000
11WD7SCHO1S--B-0,BNA0332,Scholven B,Scholven B,2016,1396664.000
11WD7SCHO1S--B-0,BNA0332,Scholven B,Scholven B,2017,1696021.000
11WD7SCHO1S--B-0,BNA0332,Scholven B,Scholven B,2018,1588964.000
11WD7SCHO1S--B-0,BNA0332,Scholven B,Scholven B,2019,1155844.000
11WD7SCHO1S--B-0,BNA0332,Scholven B,Scholven B,2020,1150483.000
11WD7SCHO1S--B-0,BNA0332,Scholven B,Scholven B,2021,1120473.000
11WD7SCHO1S--B-0,BNA0332,Scholven B,Scholven B,2022,1148523.000
11WD7SCHO2S--C-R,BNA0331,Scholven C,Scholven C,2016,1489762.000
11WD7SCHO2S--C-R,BNA0331,Scholven C,Scholven C,2017,1528349.000
11WD7SCHO2S--C-R,BNA0331,Scholven C,Scholven C,2018,1524333.000
11WD7SCHO2S--C-R,BNA0331,Scholven C,Scholven C,2019,1706954.000
11WD7SCHO2S--C-R,BNA0331,Scholven C,Scholven C,2020,1107222.000
11WD7SCHO2S--C-R,BNA0331,Scholven C,Scholven C,2021,779051.000
11WD7SCHO2S--C-R,BNA0331,Scholven C,Scholven C,2022,789136.000
11WD8SWPU1L---AK,BNA0914,Kraftwerk Schwarze Pumpe Block A,Schwarze Pumpe A,2016,5593967.000
11WD8SWPU1L---AK,BNA0914,Kraftwerk Schwarze Pumpe Block A,Schwarze Pumpe A,2017,4355777.000
11WD8SWPU1L---AK,BNA0914,Kraftwerk Schwarze Pumpe Block A,Schwarze Pumpe A,2018,5409519.000
11WD8SWPU1L---AK,BNA0914,Kraftwerk Schwarze Pumpe Block A,Schwarze Pumpe A,2019,4936595.000
11WD8SWPU1L---AK,BNA0914,Kraftwerk Schwarze Pumpe Block A,Schwarze Pumpe A,2020,4205795.000
11WD8SWPU1L---AK,BNA0914,Kraftwerk Schwarze Pumpe Block A,Schwarze Pumpe A,2021,5014463.000
11WD8SWPU1L---AK,BNA0914,Kraftwerk Schwarze Pumpe Block A,Schwarze Pumpe A,2022,3650624.000
11WD8SWPU1L---BI,BNA0915,Kraftwerk Schwarze Pumpe Block B,Schwarze Pumpe B,2016,5313763.000
11WD8SWPU1L---BI,BNA0915,Kraftwerk Schwarze Pumpe Block B,Schwarze Pumpe B,2017,5740538.000
11WD8SWPU1L---BI,BNA0915,Kraftwerk Schwarze Pumpe Block B,Schwarze Pumpe B,2018,5622105.000
11WD8SWPU1L---BI,BNA0915,Kraftwerk Schwarze Pumpe Block B,Schwarze Pumpe B,2019,4410168.000
11WD8SWPU1L---BI,BNA0915,Kraftwerk Schwarze Pumpe Block B,Schwarze Pumpe B,2020,4846545.000
11WD8SWPU1L---BI,BNA0915,Kraftwerk Schwarze Pumpe Block B,Schwarze Pumpe B,2021,5357695.000
11WD8SWPU1L---BI,BNA0915,Kraftwerk Schwarze Pumpe Block B,Schwarze Pumpe B,2022,4444149.000
11WD2STA5000066D,BNA0377,Staudinger 5,Staudinger 5,2016,32035.000
11WD2STA5000066D,BNA0377,Staudinger 5,Staudinger 5,2017,117227.000
11WD2STA5000066D,BNA0377,Staudinger 5,Staudinger 5,2018,169580.000
11WD2STA5000066D,BNA0377,Staudinger 5,Staudinger 5,2019,91742.000
11WD2STA5000066D,BNA0377,Staudinger 5,Staudinger 5,2020,52440.000
11WD2STA5000066D,BNA0377,Staudinger 5,Staudinger 5,2021,3458.000
11WD2STA5000066D,BNA0377,Staudinger 5,Staudinger 5,2022,
11WD2STA4000065N,BNA0374,Staudinger 4,Staudinger 4,2016,2768918.000
11WD2STA4000065N,BNA0374,Staudinger 4,Staudinger 4,2017,2071969.000
11WD2STA4000065N,BNA0374,Staudinger 4,Staudinger 4,2018,1669168.000
11WD2STA4000065N,BNA0374,Staudinger 4,Staudinger 4,2019,1199331.000
11WD2STA4000065N,BNA0374,Staudinger 4,Staudinger 4,2020,983895.000
11WD2STA4000065N,BNA0374,Staudinger 4,Staudinger 4,2021,1123104.000
11WD2STA4000065N,BNA0374,Staudinger 4,Staudinger 4,2022,2320683.000
11WD8TIEF5C----9,BNA0402,HKW Tiefstack,Tiefstack 2,2016,1086093.000
11WD8TIEF5C----9,BNA0402,HKW Tiefstack,Tiefstack 2,2017,947648.000
11WD8TIEF5C----9,BNA0402,HKW Tiefstack,Tiefstack 2,2018,899856.000
11WD8TIEF5C----9,BNA0402,HKW Tiefstack,Tiefstack 2,2019,791077.000
11WD8TIEF5C----9,BNA0402,HKW Tiefstack,Tiefstack 2,2020,798248.000
11WD8TIEF5C----9,BNA0402,HKW Tiefstack,Tiefstack 2,2021,842350.000
11WD8TIEF5C----9,BNA0402,HKW Tiefstack,Tiefstack 2,2022,952636.000
11WD8TIEF5G-GUDI,BNA0400,GuD Tiefstack,Tiefstack GuD,2016,220725.000
11WD8TIEF5G-GUDI,BNA0400,GuD Tiefstack,Tiefstack GuD,2017,303407.000
11WD8TIEF5G-GUDI,BNA0400,GuD Tiefstack,Tiefstack GuD,2018,36679.000
11WD8TIEF5G-GUDI,BNA0400,GuD Tiefstack,Tiefstack GuD,2019,0.000
11WD8TIEF5G-GUDI,BNA0400,GuD Tiefstack,Tiefstack GuD,2020,0.000
11WD8TIEF5G-GUDI,BNA0400,GuD Tiefstack,Tiefstack GuD,2021,0.000
11WD8TIEF5G-GUDI,BNA0400,GuD Tiefstack,Tiefstack GuD,2022,0.000
11WD7KWHU1GBL10E,BNA0410,Trianel Gaskraftwerk Hamm Block 10,Trianel GKW Hamm-Uentrop 10,2016,671171.000
11WD7KWHU1GBL10E,BNA0410,Trianel Gaskraftwerk Hamm Block 10,Trianel GKW Hamm-Uentrop 10,2017,576595.000
11WD7KWHU1GBL10E,BNA0410,Trianel Gaskraftwerk Hamm Block 10,Trianel GKW Hamm-Uentrop 10,2018,428298.000
11WD7KWHU1GBL10E,BNA0410,Trianel Gaskraftwerk Hamm Block 10,Trianel GKW Hamm-Uentrop 10,2019,870270.000
11WD7KWHU1GBL10E,BNA0410,Trianel Gaskraftwerk Hamm Block 10,Trianel GKW Hamm-Uentrop 10,2020,1252058.000
11WD7KWHU1GBL10E,BNA0410,Trianel Gaskraftwerk Hamm Block 10,Trianel GKW Hamm-Uentrop 10,2021,661713.000
11WD7KWHU1GBL10E,BNA0410,Trianel Gaskraftwerk Hamm Block 10,Trianel GKW Hamm-Uentrop 10,2022,845419.000
11WD7KWHU1GBL20B,BNA0411,Trianel Gaskraftwerk Hamm Block 20,Trianel GKW Hamm-Uentrop 20,2016,603679.000
11WD7KWHU1GBL20B,BNA0411,Trianel Gaskraftwerk Hamm Block 20,Trianel GKW Hamm-Uentrop 20,2017,579320.000
11WD7KWHU1GBL20B,BNA0411,Trianel Gaskraftwerk Hamm Block 20,Trianel GKW Hamm-Uentrop 20,2018,456536.000
11WD7KWHU1GBL20B,BNA0411,Trianel Gaskraftwerk Hamm Block 20,Trianel GKW Hamm-Uentrop 20,2019,883440.000
11WD7KWHU1GBL20B,BNA0411,Trianel Gaskraftwerk Hamm Block 20,Trianel GKW Hamm-Uentrop 20,2020,1203724.000
11WD7KWHU1GBL20B,BNA0411,Trianel Gaskraftwerk Hamm Block 20,Trianel GKW Hamm-Uentrop 20,2021,744041.000
11WD7KWHU1GBL20B,BNA0411,Trianel Gaskraftwerk Hamm Block 20,Trianel GKW Hamm-Uentrop 20,2022,511755.000
11WD7STUM1SBL10G,BNA1508,Trianel Kohlekraftwerk Lünen,Trianel KKW Luenen 1,2016,3964960.000
11WD7STUM1SBL10G,BNA1508,Trianel Kohlekraftwerk Lünen,Trianel KKW Luenen 1,2017,3283987.000
11WD7STUM1SBL10G,BNA1508,Trianel Kohlekraftwerk Lünen,Trianel KKW Luenen 1,2018,4018796.000
11WD7STUM1SBL10G,BNA1508,Trianel Kohlekraftwerk Lünen,Trianel KKW Luenen 1,2019,3343561.000
11WD7STUM1SBL10G,BNA1508,Trianel Kohlekraftwerk Lünen,Trianel KKW Luenen 1,2020,1637333.000
11WD7STUM1SBL10G,BNA1508,Trianel Kohlekraftwerk Lünen,Trianel KKW Luenen 1,2021,3832813.000
11WD7STUM1SBL10G,BNA1508,Trianel Kohlekraftwerk Lünen,Trianel KKW Luenen 1,2022,3830324.000
11WD7VOLK5S-HKVM,BNA0999,Fenne HKV,Voelklingen-Fenne HKV,2016,666026.231
11WD7VOLK5S-HKVM,BNA0999,Fenne HKV,Voelklingen-Fenne HKV,2017,618058.000
11WD7VOLK5S-HKVM,BNA0999,Fenne HKV,Voelklingen-Fenne HKV,2018,562011.000
11WD7VOLK5S-HKVM,BNA0999,Fenne HKV,Voelklingen-Fenne HKV,2019,297456.000
11WD7VOLK5S-HKVM,BNA0999,Fenne HKV,Voelklingen-Fenne HKV,2020,343147.000
11WD7VOLK5S-HKVM,BNA0999,Fenne HKV,Voelklingen-Fenne HKV,2021,331367.000
11WD7VOLK5S-HKVM,BNA0999,Fenne HKV,Voelklingen-Fenne HKV,2022,581239.000
11WD7VOLK5S-MKV2,BNA0998,Fenne MKV,Voelklingen-Fenne MKV,2016,513808.545
11WD7VOLK5S-MKV2,BNA0998,Fenne MKV,Voelklingen-Fenne MKV,2017,344419.000
11WD7VOLK5S-MKV2,BNA0998,Fenne MKV,Voelklingen-Fenne MKV,2018,336705.000
11WD7VOLK5S-MKV2,BNA0998,Fenne MKV,Voelklingen-Fenne MKV,2019,206073.000
11WD7VOLK5S-MKV2,BNA0998,Fenne MKV,Voelklingen-Fenne MKV,2020,129314.000
11WD7VOLK5S-MKV2,BNA0998,Fenne MKV,Voelklingen-Fenne MKV,2021,304729.000
11WD7VOLK5S-MKV2,BNA0998,Fenne MKV,Voelklingen-Fenne MKV,2022,449355.000
11WD8WED15C---1M,BNA0404,HKW Wedel Block 1,Wedel 1,2016,616492.000
11WD8WED15C---1M,BNA0404,HKW Wedel Block 1,Wedel 1,2017,580676.000
11WD8WED15C---1M,BNA0404,HKW Wedel Block 1,Wedel 1,2018,387192.000
11WD8WED15C---1M,BNA0404,HKW Wedel Block 1,Wedel 1,2019,88635.000
11WD8WED15C---1M,BNA0404,HKW Wedel Block 1,Wedel 1,2020,0.000
11WD8WED15C---1M,BNA0404,HKW Wedel Block 1,Wedel 1,2021,283657.000
11WD8WED15C---1M,BNA0404,HKW Wedel Block 1,Wedel 1,2022,567825.000
11WD8WED15C---2K,BNA0403,HKW Wedel Block 2,Wedel 2,2016,522239.000
11WD8WED15C---2K,BNA0403,HKW Wedel Block 2,Wedel 2,2017,332991.000
11WD8WED15C---2K,BNA0403,HKW Wedel Block 2,Wedel 2,2018,516263.000
11WD8WED15C---2K,BNA0403,HKW Wedel Block 2,Wedel 2,2019,188410.000
11WD8WED15C---2K,BNA0403,HKW Wedel Block 2,Wedel 2,2020,0.000
11WD8WED15C---2K,BNA0403,HKW Wedel Block 2,Wedel 2,2021,280212.000
11WD8WED15C---2K,BNA0403,HKW Wedel Block 2,Wedel 2,2022,475567.000
11WD7WEIH2S--C-A,BNA0820,Weiher 3,Weiher C,2016,1188773.041
11WD7WEIH2S--C-A,BNA0820,Weiher 3,Weiher C,2017,411538.000
11WD7WEIH2S--C-A,BNA0820,Weiher 3,Weiher C,2018,17208.000
11WD7WEIH2S--C-A,BNA0820,Weiher 3,Weiher C,2019,37646.000
11WD7WEIH2S--C-A,BNA0820,Weiher 3,Weiher C,2020,63099.000
11WD7WEIH2S--C-A,BNA0820,Weiher 3,Weiher C,2021,74852.000
11WD7WEIH2S--C-A,BNA0820,Weiher 3,Weiher C,2022,328566.000
11WD7WEIS1B--G-J,BNA1027,Weißweiler G,Weisweiler G,2016,4766205.000
11WD7WEIS1B--G-J,BNA1027,Weißweiler G,Weisweiler G,2017,5027342.000
11WD7WEIS1B--G-J,BNA1027,Weißweiler G,Weisweiler G,2018,4642166.000
11WD7WEIS1B--G-J,BNA1027,Weißweiler G,Weisweiler G,2019,3146897.000
11WD7WEIS1B--G-J,BNA1027,Weißweiler G,Weisweiler G,2020,2812013.000
11WD7WEIS1B--G-J,BNA1027,Weißweiler G,Weisweiler G,2021,4090615.000
11WD7WEIS1B--G-J,BNA1027,Weißweiler G,Weisweiler G,2022,4862932.000
11WD7WEIS1B--H-G,BNA1028,Weißweiler H,Weisweiler H,2016,4424628.000
11WD7WEIS1B--H-G,BNA1028,Weißweiler H,Weisweiler H,2017,5371104.000
11WD7WEIS1B--H-G,BNA1028,Weißweiler H,Weisweiler H,2018,3789338.000
11WD7WEIS1B--H-G,BNA1028,Weißweiler H,Weisweiler H,2019,4342599.000
11WD7WEIS1B--H-G,BNA1028,Weißweiler H,Weisweiler H,2020,3777544.000
11WD7WEIS1B--H-G,BNA1028,Weißweiler H,Weisweiler H,2021,3376234.000
11WD7WEIS1B--H-G,BNA1028,Weißweiler H,Weisweiler H,2022,4760974.000
11WD7WEIS1B--F-M,BNA1026,Weißweiler F,Weisweiler F,2016,1909963.000
11WD7WEIS1B--F-M,BNA1026,Weißweiler F,Weisweiler F,2017,2635057.000
11WD7WEIS1B--F-M,BNA1026,Weißweiler F,Weisweiler F,2018,2310208.000
11WD7WEIS1B--F-M,BNA1026,Weißweiler F,Weisweiler F,2019,1107702.000
11WD7WEIS1B--F-M,BNA1026,Weißweiler F,Weisweiler F,2020,1198394.000
11WD7WEIS1B--F-M,BNA1026,Weißweiler F,Weisweiler F,2021,2010008.000
11WD7WEIS1B--F-M,BNA1026,Weißweiler F,Weisweiler F,2022,2303469.000
11WD7WEIS5B--E-Y,BNA1025,Weißweiler E,Weisweiler E,2016,2227671.000
11WD7WEIS5B--E-Y,BNA1025,Weißweiler E,Weisweiler E,2017,2159287.000
11WD7WEIS5B--E-Y,BNA1025,Weißweiler E,Weisweiler E,2018,2407106.000
11WD7WEIS5B--E-Y,BNA1025,Weißweiler E,Weisweiler E,2019,1857689.000
11WD7WEIS5B--E-Y,BNA1025,Weißweiler E,Weisweiler E,2020,1187705.000
11WD7WEIS5B--E-Y,BNA1025,Weißweiler E,Weisweiler E,2021,1882309.000
11WD7WEIS5B--E-Y,BNA1025,Weißweiler E,Weisweiler E,2022,0.000
11WD7WEIS5GVGTGU,BNA1023,Weißweiler G VGT,Weisweiler G-VGT,2016,0.000
11WD7WEIS5GVGTGU,BNA1023,Weißweiler G VGT,Weisweiler G-VGT,2017,17396.000
11WD7WEIS5GVGTGU,BNA1023,Weißweiler G VGT,Weisweiler G-VGT,2018,40403.000
11WD7WEIS5GVGTGU,BNA1023,Weißweiler G VGT,Weisweiler G-VGT,2019,89526.000
11WD7WEIS5GVGTGU,BNA1023,Weißweiler G VGT,Weisweiler G-VGT,2020,335919.000
11WD7WEIS5GVGTGU,BNA1023,Weißweiler G VGT,Weisweiler G-VGT,2021,103991.000
11WD7WEIS5GVGTGU,BNA1023,Weißweiler G VGT,Weisweiler G-VGT,2022,88491.000
11WD7WEIS5GVGTHS,BNA1024,Weißweiler H VGT,Weisweiler H-VGT,2016,0.000
11WD7WEIS5GVGTHS,BNA1024,Weißweiler H VGT,Weisweiler H-VGT,2017,16436.000
11WD7WEIS5GVGTHS,BNA1024,Weißweiler H VGT,Weisweiler H-VGT,2018,26890.000
11WD7WEIS5GVGTHS,BNA1024,Weißweiler H VGT,Weisweiler H-VGT,2019,148003.000
11WD7WEIS5GVGTHS,BNA1024,Weißweiler H VGT,Weisweiler H-VGT,2020,430869.000
11WD7WEIS5GVGTHS,BNA1024,Weißweiler H VGT,Weisweiler H-VGT,2021,56131.000
11WD7WEIS5GVGTHS,BNA1024,Weißweiler H VGT,Weisweiler H-VGT,2022,95941.000
11WD7WEST5S--C-P,BNA0413b,Westfalen,Westfalen C,2016,235033.000
11WD7WEST5S--C-P,BNA0413b,Westfalen,Westfalen C,2017,0.000
11WD7WEST5S--C-P,BNA0413b,Westfalen,Westfalen C,2018,0.000
11WD7WEST5S--C-P,BNA0413b,Westfalen,Westfalen C,2019,0.000
11WD7WEST5S--C-P,BNA0413b,Westfalen,Westfalen C,2020,0.000
11WD7WEST5S--C-P,BNA0413b,Westfalen,Westfalen C,2021,0.000
11WD7WEST5S--C-P,BNA0413b,Westfalen,Westfalen C,2022,0.000
11WD7WSFN1S--E-Z,BNA0413c,Westfalen E,Westfalen E,2016,3573774.000
11WD7WSFN1S--E-Z,BNA0413c,Westfalen E,Westfalen E,2017,3445223.000
11WD7WSFN1S--E-Z,BNA0413c,Westfalen E,Westfalen E,2018,3856196.000
11WD7WSFN1S--E-Z,BNA0413c,Westfalen E,Westfalen E,2019,2207103.000
11WD7WSFN1S--E-Z,BNA0413c,Westfalen E,Westfalen E,2020,1715558.000
11WD7WSFN1S--E-Z,BNA0413c,Westfalen E,Westfalen E,2021,119385.000
11WD7WSFN1S--E-Z,BNA0413c,Westfalen E,Westfalen E,2022,0.000
11WD2ZOL50001274,BNA1093,Kraftwerk Zolling,Zolling-Leininger 5,2016,1892349.000
11WD2ZOL50001274,BNA1093,Kraftwerk Zolling,Zolling-Leininger 5,2017,1755619.000
11WD2ZOL50001274,BNA1093,Kraftwerk Zolling,Zolling-Leininger 5,2018,1444906.000
11WD2ZOL50001274,BNA1093,Kraftwerk Zolling,Zolling-Leininger 5,2019,1047310.000
11WD2ZOL50001274,BNA1093,Kraftwerk Zolling,Zolling-Leininger 5,2020,931434.000
11WD2ZOL50001274,BNA1093,Kraftwerk Zolling,Zolling-Leininger 5,2021,1621570.000
11WD2ZOL50001274,BNA1093,Kraftwerk Zolling,Zolling-Leininger 5,2022,1613056.000
11WD8MITT5GGUD-8,BNA0073,HKW Mitte,Mitte GuD,2016,
11WD8MITT5GGUD-8,BNA0073,HKW Mitte,Mitte GuD,2017,
11WD8MITT5GGUD-8,BNA0073,HKW Mitte,Mitte GuD,2018,
11WD8MITT5GGUD-8,BNA0073,HKW Mitte,Mitte GuD,2019,
11WD8MITT5GGUD-8,BNA0073,HKW Mitte,Mitte GuD,2020,
11WD8MITT5GGUD-8,BNA0073,HKW Mitte,Mitte GuD,2021,
11WD8MITT5GGUD-8,BNA0073,HKW Mitte,Mitte GuD,2022,
